,楼盘名称,经度,纬度,总价,单价,待售,期房在售,售罄,现房在售,尾盘,其他,刚需房,学校,改善房,品牌开发商,大型社区,轨交房,大型超市,公寓,商场,公园,投资地产,婚房,低密度,公交枢纽,低总价,住宅,别墅_属性,商住,店铺,购物中心,商业街,其他,南关,朝阳,净月,绿园,二道,高新,经开,宽城,汽开,长春周边,高层,花园洋房,别墅_建筑类型,多层,产权年限,容积率,绿化率,居住人数,在建中,已竣工,已封顶,规划中,物业费,车位数,车位比,1室,2室,3室,4室,5室,6室,7室,别墅_户型,商户,开盘年份,开盘月份,开盘日,交盘年份,交盘月份,交盘日,站点数目,平均距离,平均线路数目,平均打分,平均轨道数目
0,天茂湖,125.236257,43.771314,3509790.881,12000,0,1,0,0,0,0,0,1,1,0,0,0,0,0,0,0,0,0,1,0,0,1,0,0,0,0,0,0,0,0,0,0,0,1,0,0,0,0,1,0,0,0,70,1.1,0.4,200,1,0,0,0,1,500,0,0,1,4,3,1,0,0,0,0,2018,5,26,2018.184675,9.608352987,30.01640875,12,1792,1.333333333,1.333333333,0
1,亚泰山语湖,125.313642,43.898338,5000000,12750,0,1,0,0,0,0,0,0,1,1,0,0,0,0,0,0,0,0,1,0,0,1,1,0,0,0,0,0,0,0,1,0,0,0,0,0,0,0,0,1,1,0,70,1.44,0.3591,1362,1,0,0,0,2,1045,0,0,1,2,0,0,0,0,1,0,2015.846154,7.615384615,12.15384615,2016.75,9.321428571,25.75,12,1836.75,4.833333333,5,0.166666667
2,国信南山,125.532929,43.689156,4000000,12250,0,1,0,0,0,0,0,1,1,0,0,0,0,0,0,0,0,0,0,0,0,1,1,0,0,0,0,0,0,0,1,0,0,0,0,0,0,0,1,0,1,0,70,1.1,0.4,1200,1,0,0,0,3,1000,0,0,2,4,3,1,0,0,7,0,2018,2,1,2019,12,31,4,1939.75,1,1,0
3,首地首城,125.417437,43.847487,4247080.335,11500,0,1,0,0,0,0,0,1,1,0,0,0,0,0,0,0,0,0,0,0,0,1,0,0,0,0,0,0,0,0,0,0,0,0,1,0,0,0,1,1,0,0,50,2.2,0.305,5386,1,0,0,0,1,480,1.743077224,1,1,3,0,0,0,0,0,0,2016.169492,9.06779661,16.52542373,2017.633333,8.516666667,24.88333333,15,1535.866667,5.266666667,5.6,0.333333333
4,香港城,125.251369,43.910302,3536852.404,9000,0,0,0,1,0,0,1,1,0,0,0,0,1,0,0,0,0,0,0,0,0,1,0,0,0,0,0,0,0,0,0,1,0,0,0,0,0,0,1,0,0,0,70,1.87,0.37,7815,0,1,0,0,1,3387,0,3,12,4,0,0,0,0,0,0,2018,5,18,2017.232609,10.49498589,29.28558086,12,1407.333333,2.916666667,2.916666667,0
5,新星宇裕府,125.313642,43.898338,1313780.183,9598.560388,1,0,0,0,0,0,1,1,1,1,0,0,0,0,0,0,0,0,0,0,0,1,0,0,0,0,0,0,0,0,0,0,0,1,0,0,0,0,1,0,0,0,69.99824639,1.600242919,0.311567336,1224,0.333334197,0.666665811,0,0,0.499998029,399,1.00000381,1,3,1,1,0,0,0,0,0,2014.96,6.773333333,18.26666667,2014.881579,9.736842105,22.09210526,12,1733.583333,2.666666667,2.666666667,0
6,保利金香槟,125.338679,43.816843,4385254.442,8600,0,1,0,0,0,0,1,1,0,1,0,1,0,0,0,1,0,0,0,0,0,0,0,1,0,0,0,0,1,0,0,0,0,0,0,0,0,0,1,0,0,0,70.00000089,1.600694147,0.4,1222,0,0,1,0,0.292567453,1687,1,0,0,0,0,0,0,0,0,8,2018,6,2,2019,11,30,14,1591.785714,3.571428571,3.714285714,0.142857143
7,万达文华公馆,125.296496,43.87429,4559731.824,15000,0,1,0,0,0,0,0,1,1,1,0,1,1,0,0,0,0,0,0,0,0,1,0,0,0,0,0,0,0,1,0,0,0,0,0,0,0,0,1,0,0,0,70,2.09,0.35,984,0,1,0,0,1,950,1,0,1,4,2,0,0,0,0,0,2016.270222,6.954954803,15.85885841,2017.108309,9.554179334,29.89783208,17,1460.058824,5.705882353,6,0.294117647
8,太阳世家,125.290676,43.813495,3900000,12000,0,0,0,1,0,0,0,1,1,0,0,0,0,0,0,1,0,0,1,0,0,1,1,0,0,0,0,0,1,0,0,0,0,0,0,0,0,0,1,0,1,0,70,1.8,0.66,1470,0,1,0,0,2,1251.636066,0,0,0,0,1,1,0,1,1,0,2017,9,16,2011,12,31,12,1756.083333,3.333333333,3.333333333,0
9,钜城国际中心,125.325687,43.802656,1265913.805,10254.6489,1,0,0,0,0,0,0,0,0,0,0,0,1,0,0,1,1,0,0,0,0,1,0,1,0,0,0,0,1,0,0,0,0,0,0,0,0,0,1,0,0,0,69.99999171,1.600585306,0.325505659,750,1,0,0,0,1,1080,0,0,0,0,0,0,0,0,0,3,2018,1,18,2016.900779,9.841810179,25.39612693,15,1740.6,3.4,3.6,0.2
10,华润置地凌雲府,125.313642,43.898338,2534120.231,11789.75142,1,0,0,0,0,0,0,1,1,1,0,0,0,0,0,0,0,0,1,0,0,1,0,0,0,0,0,0,0,0,0,0,0,1,0,0,0,0,1,1,0,0,69.99998917,1.600801496,0.321978774,620,1,0,0,0,0.251277819,687,1,0,1,3,2,0,1,0,0,0,2016.252984,7.020115331,14.10919613,2017.545539,9.67741976,30.0938429,8,1917.25,1.25,1.25,0
11,华润置地万象府,125.313642,43.898338,2529337.302,11999.97301,1,0,0,0,0,0,0,0,1,1,0,0,0,0,1,0,0,0,0,0,0,1,0,0,0,0,0,0,0,0,1,0,0,0,0,0,0,0,1,0,0,0,70.0000033,1.603118379,0.309566636,752,0,0,0,1,0.292804512,752,1,0,0,2,0,0,0,0,0,0,2014.400039,4.400083518,21.39981982,2014.000099,7.600050219,20.40015588,20,1925.85,4.75,5.25,0.5
12,力旺康城,125.380184,43.950968,4248772.03,11500,0,1,0,0,0,0,0,1,1,0,0,0,1,0,0,0,0,0,0,0,0,1,0,0,0,0,0,0,0,0,0,0,1,0,0,0,0,0,1,1,0,0,50,1.2,0.4,4700,1,0,0,0,1,1500,0,0,11,12,3,0,0,0,0,0,2018,6,22,2020,8,30,12,1703.75,2,2,0
13,良品柏宏筑福里,125.313642,43.898338,3865791.399,8900,0,1,0,0,0,0,0,1,0,0,0,0,0,1,1,0,0,0,0,0,0,1,0,0,0,0,0,0,0,0,0,0,0,0,1,0,0,0,1,0,0,1,70,2,0.35,756,1,0,0,0,1,891,0,0,3,5,1,0,0,0,0,0,2018,6,17,2019,10,31,12,1605.75,1.666666667,1.666666667,0
14,恒大名都,125.221608,43.816432,3330395.505,8800,0,1,0,0,0,0,1,0,1,0,0,0,0,0,0,0,0,0,0,0,0,1,0,0,0,0,0,0,0,0,0,0,0,1,0,0,0,0,1,0,0,0,70,2.49,0.35,5522,1,0,0,0,1,3757,0,0,4,5,1,1,0,0,0,0,2016.780434,6.985163256,14.88130579,2016.939121,9.669565164,30.41739116,12,1464.833333,2.833333333,2.833333333,0
15,雨润星雨华府,125.278516,43.996568,2921016.537,6600,0,1,0,0,0,0,1,0,0,1,0,0,0,0,0,0,0,0,0,1,1,1,0,0,0,0,0,0,0,0,0,0,0,0,0,1,0,0,1,0,0,0,70,1.8,0.4,1820,1,0,0,0,1,1400,0,0,6,5,1,0,0,0,0,0,2018,6,1,2016.513158,7.791997317,29.0599888,12,1683.416667,2.583333333,2.583333333,0
16,恒大帝景,125.433262,43.897514,4825680.859,11000,0,1,0,0,0,0,0,0,1,1,0,0,0,0,0,0,0,0,0,0,0,1,0,0,0,0,0,0,0,0,0,0,0,0,1,0,0,0,1,0,0,0,70,2,0.3,3250,1,0,0,0,1,2600,0,0,2,5,0,0,0,0,0,0,2018,6,23,2019,10,31,12,1438.666667,4,4,0
17,万科城市之光,125.313642,43.898338,4085551.077,14000,0,1,0,0,0,0,0,0,1,1,0,1,0,0,0,0,0,0,0,0,0,1,0,0,0,0,0,0,0,0,0,1,0,0,0,0,0,0,1,1,0,0,70,2.3,0.3,1860,1,0,0,0,1,2234,0,0,1,10,5,0,0,0,0,0,2018,6,12,2019,9,30,12,1756.583333,3,3,0
18,新星宇之新观邸,125.245253,43.833225,4621824.986,11000,0,1,0,0,0,0,0,0,0,1,1,0,0,0,0,0,0,0,0,0,0,1,0,0,0,0,0,0,0,0,0,0,0,1,0,0,0,0,1,1,0,0,70,2,0.3,1350,1,0,0,0,1,1377,1,0,5,12,1,0,0,0,0,0,2018,4,22,2018,10,31,11,1558.090909,3.545454545,3.545454545,0
19,中海龙玺,125.313642,43.898338,3490675.972,12000,0,1,0,0,0,0,0,1,1,0,0,0,0,0,0,0,0,0,0,0,0,1,0,0,0,0,0,0,0,0,0,0,0,1,0,0,0,0,1,1,0,0,70,2.5,0.35,900,1,0,0,0,1,1000,1,0,0,4,1,0,1,0,0,0,2018,5,9,2020,10,30,12,1670.583333,2.25,2.5,0.25
20,中海景阳公馆,125.327309,43.857046,3435895.34,6500,0,1,0,0,0,0,1,0,1,1,0,1,0,0,0,0,0,0,0,0,0,0,0,1,0,0,0,0,0,0,0,1,0,0,0,0,0,0,1,0,0,0,69.99999445,1.600223463,0.35,2800,1,0,0,0,0.251375968,2924,1,0,0,0,0,0,0,0,0,2,2018,5,11,2020,6,30,12,1658.583333,3.333333333,3.333333333,0
21,中天北湾新城,125.397731,43.972446,2850399.016,10000,0,1,0,0,0,0,1,0,0,0,0,0,0,0,0,0,0,0,0,0,1,1,0,0,0,0,0,0,0,0,0,0,0,1,0,0,0,0,1,0,0,0,70,1.99,0.362,2266,1,0,0,0,0,1200,0,4,15,4,0,1,0,0,0,0,2018,5,19,2018,11,30,12,1539.416667,2,2.166666667,0.166666667
22,中海盛世城,125.312013,43.871104,2200000,10500,0,1,0,0,0,0,0,1,0,1,0,0,0,0,0,1,0,0,0,0,0,1,1,0,0,0,0,0,0,0,0,0,0,1,0,0,0,0,1,1,1,0,70,2.3,0.31,1308,1,0,0,0,2,1159.041745,0,0,1,2,1,0,0,0,0,0,2018,5,17,2020,10,30,12,1391.916667,1.833333333,1.833333333,0
23,华润净月臺,125.458157,43.80934,3726545.661,12000,1,0,0,0,0,0,0,0,0,1,0,0,0,0,0,0,0,0,1,0,0,1,1,0,0,0,0,0,0,0,1,0,0,0,0,0,0,0,0,1,1,0,69.99836652,1.642956547,0.316032892,278,1,0,0,0,4,1,2.069348857,0,0,2,1,0,0,0,0,0,2017.170122,8.327533697,15.33623338,2019,10,30,12,1442.833333,4,4,0
24,金色橄榄城,125.419802,43.891893,3113437.717,10500,0,1,0,0,0,0,1,0,1,1,0,1,0,0,0,0,0,0,0,0,0,1,0,0,0,0,0,0,0,0,0,0,1,0,0,0,0,0,1,0,0,0,70,1.8,0.3730457,3879,1,0,0,0,0,415,0,0,8,5,0,0,0,0,0,0,2018,3,31,2016.407548,8.440670393,29.30953363,12,1676.333333,3.333333333,3.333333333,0
25,华润置地公馆,125.313642,43.898338,280000,8800,0,1,0,0,0,0,0,1,0,1,0,1,0,0,0,1,1,0,0,0,0,0,0,1,0,0,0,0,1,0,0,0,0,0,0,0,0,0,1,0,0,0,69.99658913,1.602110446,0.3,1401,1,0,0,0,0.210298299,750,0,0,0,0,0,0,0,0,0,10,2018,3,23,2015.730836,7.62510015,23.03856837,14,1574.571429,1.928571429,2.071428571,0.142857143
27,高新君園,125.313642,43.898338,1220135.426,10419.91174,1,0,0,0,0,0,0,1,1,1,0,0,1,0,1,0,0,0,0,0,0,1,0,0,0,0,0,0,0,0,0,0,0,1,0,0,0,0,1,1,0,0,69.99999558,1.60160786,0.345131466,1200,1,0,0,0,0.221223982,1620,0,0,0,4,9,5,1,0,0,0,2016.445566,5.890668673,12.73346501,2016.733215,10.82112201,29.488415,12,1694.5,1.25,1.25,0
29,高新君園,125.313642,43.898338,1220135.426,10942.03566,1,0,0,0,0,0,0,1,1,1,0,0,1,0,1,0,0,0,0,0,0,1,0,0,0,0,0,0,0,0,0,0,0,1,0,0,0,0,1,1,0,0,69.99999558,1.60160786,0.345131466,1200,1,0,0,0,0.221223982,1620,0,0,0,4,9,5,1,0,0,0,2016.445566,5.890668673,12.73346501,2016.733215,10.82112201,29.488415,12,1694.5,1.25,1.25,0
31,兆丰青年路玖号,125.300139,43.934496,3368657.708,6500,0,0,0,1,0,0,1,1,1,1,0,0,0,0,0,0,0,0,0,0,0,1,0,0,0,0,0,0,0,0,0,0,0,0,0,1,0,0,1,0,0,0,70,2,0.37,1413,0,0,1,0,0,782,0,0,8,2,0,0,0,0,0,0,2018.000159,5.000010198,21.99983805,2018,10,31,12,1539.666667,1.916666667,1.916666667,0
33,兆丰青年路玖号,125.300139,43.934496,3368657.708,6500,0,0,0,1,0,0,1,1,1,1,0,0,0,0,0,0,0,0,0,0,0,1,0,0,0,0,0,0,0,0,0,0,0,0,0,1,0,0,1,0,0,0,70,2,0.37,1413,0,0,1,0,0,782,0,0,8,2,0,0,0,0,0,0,2018,5,22,2018,10,31,12,1539.666667,1.916666667,1.916666667,0
35,恒大御峰,125.299877,43.796015,4825688.417,11000,0,1,0,0,0,0,0,0,1,1,0,0,0,0,0,0,0,0,0,0,0,1,0,0,0,0,0,0,1,0,0,0,0,0,0,0,0,0,1,1,0,0,70,2,0.48,807,1,0,0,0,1,985,0,0,4,34,3,1,0,0,0,0,2018,3,9,2018,11,15,12,1476.833333,2.333333333,2.333333333,0
37,晟鑫康诗丹郡,125.425279,43.77829,4857555.662,14250,0,1,0,0,0,0,0,0,1,0,1,0,0,0,0,0,0,0,0,0,0,1,1,0,0,0,0,0,0,0,1,0,0,0,0,0,0,0,1,1,1,0,70,1.3,0.4,1189,1,0,0,0,3,785,0,0,2,10,1,4,0,0,0,0,2018,1,30,2018,12,31,13,1610.230769,3.538461538,3.615384615,0.076923077
39,晟鑫康诗丹郡,125.425279,43.77829,4857435.484,11500,0,1,0,0,0,0,0,0,1,0,1,0,0,0,0,0,0,0,0,0,0,1,1,0,0,0,0,0,0,0,1,0,0,0,0,0,0,0,1,1,1,0,70,1.3,0.4,1189,1,0,0,0,3,785,0,0,2,10,1,4,0,0,0,0,2018,1,30,2018,12,31,13,1610.230769,3.538461538,3.615384615,0.076923077
41,恒大檀溪郡,125.313642,43.898338,4414511.693,9700,0,1,0,0,0,0,1,0,1,1,0,0,0,0,0,0,0,0,0,0,0,1,0,0,0,0,0,0,0,0,1,0,0,0,0,0,0,0,1,1,0,0,70,1.499,0.35,972,1,0,0,0,1,1322,0,1,4,8,1,0,0,0,0,0,2017,11,18,2018,11,31,12,1858.833333,4.916666667,4.916666667,0
43,恒大都市广场,125.386336,43.911297,2677336.437,10000,0,1,0,0,0,0,0,0,0,0,0,0,0,0,1,0,0,0,0,0,0,1,0,0,0,0,0,0,0,0,0,0,1,0,0,0,0,0,1,0,0,0,70,3.38,0.39,2000,1,0,0,0,1,1500,0,0,2,3,0,0,0,0,0,0,2016,12,10,2017.000207,3.000300652,30.9999675,13,1821.923077,4.538461538,4.615384615,0.076923077
44,阳光硅谷,125.313642,43.898338,1652251.425,9681.839832,1,0,0,0,0,0,1,0,1,0,0,0,0,0,1,0,1,0,0,0,0,0,0,1,0,0,0,0,0,0,0,0,0,1,0,0,0,0,1,0,0,0,69.99935733,1.600231843,0.466617421,687,1,0,0,0,0.258827103,182,1.660282895,0,0,0,0,0,0,0,0,7,2015.399158,8.701123884,14.14667182,2016.104722,7.595375521,24.00166286,12,1142.75,1.833333333,2,0.166666667
46,阳光硅谷,125.313642,43.898338,1652251.425,9681.839832,1,0,0,0,0,0,1,0,1,0,0,0,0,0,1,0,1,0,0,0,0,0,0,1,0,0,0,0,0,0,0,0,0,1,0,0,0,0,1,0,0,0,69.99935733,1.600231843,0.466617421,687,1,0,0,0,0.258827103,182,1.660282895,0,0,0,0,0,0,0,0,7,2015.467676,8.632605474,13.9753758,2016.131356,7.559863808,23.99278493,12,1142.75,1.833333333,2,0.166666667
48,阳光硅谷,125.313642,43.898338,1652251.425,9669.184148,1,0,0,0,0,0,1,0,1,0,0,0,0,0,1,0,1,0,0,0,0,0,0,1,0,0,0,0,0,0,0,0,0,1,0,0,0,0,1,0,0,0,69.99935733,1.600231843,0.466617421,687,1,0,0,0,0.258827103,182,1.660282895,0,0,0,0,0,0,0,0,7,2015.399158,8.701123884,14.14667182,2016.104722,7.595375521,24.00166286,12,1142.75,1.833333333,2,0.166666667
50,阳光硅谷,125.313642,43.898338,1652251.425,9669.184148,1,0,0,0,0,0,1,0,1,0,0,0,0,0,1,0,1,0,0,0,0,0,0,1,0,0,0,0,0,0,0,0,0,1,0,0,0,0,1,0,0,0,69.99935733,1.600231843,0.466617421,687,1,0,0,0,0.258827103,182,1.660282895,0,0,0,0,0,0,0,0,7,2015.467676,8.632605474,13.9753758,2016.131356,7.559863808,23.99278493,12,1142.75,1.833333333,2,0.166666667
52,中铁城,125.157157,43.859938,3096742.821,8000,0,1,0,0,0,0,1,0,1,1,0,1,0,0,0,0,0,0,0,0,0,1,0,0,0,0,0,0,0,0,0,0,0,0,0,0,1,0,1,1,0,0,70,1.7,0.35,7900,1,0,0,0,1,4200,0,0,7,8,1,0,0,0,0,0,2018,3,17,2016.952838,8.491916796,29.64441088,10,1330.9,1.6,1.6,0
53,新星宇和润上邻,125.313596,43.801805,4325870.1,11500,0,1,0,0,0,0,0,1,1,1,0,0,0,0,0,0,0,0,0,1,0,1,0,0,0,0,0,0,1,0,0,0,0,0,0,0,0,0,1,1,0,0,70,1.69,0.33,3000,1,0,0,0,1,2400,0,0,6,15,0,0,0,0,0,0,2018,3,20,2018,10,30,14,1557,2.214285714,2.357142857,0.142857143
54,澳海富春山居,125.313642,43.898338,2361999.766,11461.16193,1,0,0,0,0,0,0,0,0,1,0,0,0,0,0,0,0,0,0,0,0,1,1,0,0,0,0,0,0,0,0,0,1,0,0,0,0,0,1,0,1,1,70.00000993,2.331449658,0.405723072,1175.449463,1,0,0,0,0.901785655,1940,0.382039656,0,0,0,0,0,0,0,6,0,2016.278295,5.576947544,17.06856978,2017.457975,8.054022205,28.63592191,8,1809,2.125,2.125,0
55,恒大御景,125.315949,43.820709,3881837.299,13000,0,0,0,1,0,0,0,1,1,1,0,0,0,0,0,0,0,0,0,0,0,1,0,0,0,0,0,0,1,0,0,0,0,0,0,0,0,0,1,0,0,0,70,2.5,0.41,2959,0,1,0,0,1,877,0,0,0,0,1,1,0,0,0,0,2015,11,23,2017,12,31,18,1798.722222,4.777777778,5.222222222,0.388888889
56,保利溪湖林语,125.313642,43.898338,2912809.487,12386.28044,1,0,0,0,0,0,0,1,1,1,0,0,0,0,0,0,0,0,0,0,0,1,1,0,0,0,0,0,1,0,0,0,0,0,0,0,0,0,1,0,1,0,70.00000079,1.601631981,0.366772855,1388,1,0,0,0,2,1428,1,0,2,4,0,0,0,0,3,0,2016.513029,7.676665894,19.99431381,2017.869389,9.563208247,30.593792,12,2054.75,2,2,0
57,大众置业净月深水湾,125.313642,43.898338,4292378.888,9500,1,0,0,0,0,0,0,1,1,0,0,0,0,0,0,0,0,0,0,0,0,1,0,0,0,0,0,0,0,0,1,0,0,0,0,0,0,0,1,1,0,0,70.00000631,1.600598214,0.331377602,854,1,0,0,0,0.2212313,1105,0,0,1,5,3,2,1,0,0,0,2018,5,21,2019,6,30,14,1658.071429,2.928571429,3.071428571,0.142857143
58,中国铁建西派府,125.215436,43.836061,3816130.232,13000,0,1,0,0,0,0,0,1,1,1,0,0,0,0,0,0,0,0,0,0,0,1,0,0,0,0,0,0,0,0,0,0,0,0,1,0,0,0,1,0,0,0,70,2.7,0.31,1148,1,0,0,0,0.213070419,1586,0,0,0,3,0,0,0,0,0,0,2018,3,20,2019,10,24,12,809.3333333,4.083333333,4.083333333,0
60,天富御苑香赞,125.385311,43.941451,4130244.301,7600,0,1,0,0,0,0,1,1,0,0,0,0,1,0,1,0,0,0,0,1,0,1,0,0,0,0,0,0,0,0,0,0,1,0,0,0,0,0,1,0,0,0,70,2.62,0.31,1363,1,0,0,0,1,1128,0,1,1,0,0,0,0,0,0,0,2017,10,1,2018,10,31,12,1940.083333,2.833333333,2.833333333,0
61,华大城,125.339387,43.965611,421282.1093,6280.64924,1,0,0,0,0,0,1,1,0,0,0,0,0,0,0,0,0,0,0,0,1,1,0,0,0,0,0,0,0,0,0,0,0,0,0,1,0,0,1,0,0,0,70.00000002,3.259988796,0.473,3000,1,0,0,0,0,470,0,3,16,2,0,0,0,0,0,0,2017.243757,6.408608651,19.35406731,2019,12,30,13,1613.846154,2.923076923,3.076923077,0.153846154
62,吴中桃花源,125.23191,43.949725,3832832.215,13000,0,1,0,0,0,0,0,1,1,1,0,0,0,0,0,0,0,0,1,0,0,1,1,0,0,0,0,0,0,0,0,0,0,1,0,0,0,0,1,1,1,0,70,1.7,0.32,1762,1,0,0,0,3,400,0,0,2,2,0,0,0,0,1,0,2018,1,15,2018,12,31,12,1752,1.5,1.5,0
63,车城万达广场,125.328923,43.920649,3549432.891,9000,0,1,0,0,0,0,0,1,0,1,0,0,1,0,0,1,0,0,0,0,0,1,0,0,0,0,0,0,0,0,0,0,0,0,0,0,1,0,1,0,0,0,70,3.49,0.43,3000,1,0,0,0,1,2000,0,0,1,2,0,0,0,0,0,0,2017,11,20,2019,10,30,12,1556,3.666666667,3.666666667,0
65,垠禄倚澜观邸,125.272506,43.825269,350000,13500,0,0,0,1,0,0,1,0,1,0,0,0,0,0,1,1,0,0,0,0,0,1,0,1,0,0,0,0,0,0,0,0,0,1,0,0,0,0,1,0,0,0,50,1.5,0.4,470,0,1,0,0,1,257,0,0,4,9,0,0,0,0,0,1,2017,5,31,2014,3,29,13,1706,2.076923077,2.230769231,0.153846154
66,垠禄新界,125.313642,43.898338,1760000,11750,0,0,0,1,0,0,0,0,1,0,0,1,1,0,0,0,0,0,0,1,0,1,0,1,0,0,0,0,0,0,0,0,1,0,0,0,0,0,1,0,0,0,70,7.8,0.253,228,0,1,0,0,2,498,1,0,0,1,4,0,0,0,0,1,2017,4,2,2017,12,31,17,1672.823529,4.294117647,4.588235294,0.294117647
68,垠禄新界,125.313642,43.898338,1760000,12000,0,0,0,1,0,0,0,0,1,0,0,1,1,0,0,0,0,0,0,1,0,1,0,1,0,0,0,0,0,0,0,0,1,0,0,0,0,0,1,0,0,0,70,7.8,0.253,228,0,1,0,0,2,498,1,0,0,1,4,0,0,0,0,1,2017,4,2,2017,12,31,17,1672.823529,4.294117647,4.588235294,0.294117647
70,普鲁斯小镇,125.786564,43.998382,3411003.909,5500,0,1,0,0,0,0,0,0,1,0,0,0,0,0,0,0,0,0,1,0,0,1,1,0,0,0,0,1,0,0,0,0,0,0,0,0,0,0,1,0,1,0,70,1.02,0.35,2000,1,0,0,0,2,1,1.999521444,1,3,1,0,0,0,0,3,0,2017,4,15,2016.707959,9.9634101,25.95942638,1,2403,1,1,0
71,恒大城,125.297803,43.953206,3506634.366,9000,0,1,0,0,0,0,0,1,0,1,0,0,0,0,1,0,0,0,0,0,0,1,0,0,0,0,0,0,0,0,0,0,0,0,0,1,0,0,1,0,0,0,70,2.29,0.311,4114,1,0,0,0,1,2476,0,0,6,19,3,0,0,0,0,0,2017,10,1,2019,10,30,12,1244.25,3.666666667,3.666666667,0
72,吴中北国之春,125.394485,43.958627,3950003.685,14000,0,0,0,0,1,0,1,1,0,1,0,0,1,0,0,0,0,0,0,0,0,0,0,1,0,0,0,0,0,0,0,0,0,0,1,0,0,0,0,0,0,1,70.00000009,1.600000003,0.31,1200,0,1,0,0,1.49E-06,400,0,0,0,0,0,0,0,0,0,0,2017,8,13,2017,10,26,12,1159.166667,1.666666667,1.666666667,0
73,源山墅,125.458299,43.764819,3450000,16000,0,0,0,0,1,0,0,1,1,1,0,0,0,0,0,0,0,0,1,0,0,0,1,0,0,0,0,0,0,0,1,0,0,0,0,0,0,0,0,0,1,0,69.99999514,1.600028754,0.4,2400,1,0,0,0,2,4800,0.5,0,0,0,0,0,0,0,4,0,2018,1,7,2018,7,30,14,1575.357143,1.357142857,1.5,0.142857143
74,大众冠军寓,125.313642,43.898338,796964.0576,8707.940589,1,0,0,0,0,0,0,1,0,0,0,1,0,1,0,0,1,0,0,0,0,0,0,1,0,0,0,0,0,0,0,0,0,1,0,0,0,0,1,0,0,0,69.99898011,1.600093643,0.476881947,654,1,0,0,0,0.211798896,211,0,0,0,0,0,0,0,0,0,3,2015.00022,4.000087698,17.59994236,2015.250038,3.250090826,30.74985849,17,1545.588235,2.705882353,3.058823529,0.352941176
75,大众冠军寓,125.313642,43.898338,796964.0576,8707.940589,1,0,0,0,0,0,0,1,0,0,0,1,0,1,0,0,1,0,0,0,0,0,0,1,0,0,0,0,0,0,0,0,0,1,0,0,0,0,1,0,0,0,69.99898011,1.600093643,0.476881947,654,1,0,0,0,0.211798896,211,0,0,0,0,0,0,0,0,0,3,2015.00022,4.000087698,17.59994236,2015.250038,3.250091076,30.74985874,17,1545.588235,2.705882353,3.058823529,0.352941176
76,月伴林湾,125.414111,43.84204,2748683.864,7500,0,0,0,0,1,0,1,0,0,0,1,1,0,1,0,0,0,0,0,0,0,1,0,0,0,0,0,0,0,0,0,0,0,0,1,0,0,0,1,0,0,0,70,2.74,0.38,3069,0,1,0,0,0,1540,0,1,7,1,0,0,0,0,0,0,2017,4,1,2016,1,8,16,1413.4375,4.625,5,0.375
77,力旺弗朗明歌三期,125.366317,43.824135,2910172.016,12254.13457,1,0,0,0,0,0,0,1,1,1,0,1,1,0,0,0,0,0,0,0,0,0,1,0,0,0,0,0,1,0,0,0,0,0,0,0,0,0,0,0,1,0,69.99858439,1.601190968,0.314582059,345,0,0,0,1,0.395167997,655,0,0,0,0,0,0,0,0,2,0,2014.000039,7.333305084,11.00035924,2015.20042,9.1999887,23.20001085,20,1607.05,2.3,2.7,0.4
78,力旺弗朗明歌三期,125.366317,43.824135,2910172.016,12254.13457,1,0,0,0,0,0,0,1,1,1,0,1,1,0,0,0,0,0,0,0,0,0,1,0,0,0,0,0,1,0,0,0,0,0,0,0,0,0,0,0,1,0,69.99858439,1.601190968,0.314582059,345,0,0,0,1,0.395167997,655,0,0,0,0,0,0,0,0,2,0,2014.000039,7.333305834,11.00035399,2015.200418,9.1999887,23.20001085,20,1607.05,2.3,2.7,0.4
79,力旺弗朗明歌三期,125.366317,43.824135,2603411.113,12039.84887,1,0,0,0,0,0,0,1,1,1,0,1,1,0,0,0,0,0,0,0,0,0,1,0,0,0,0,0,1,0,0,0,0,0,0,0,0,0,0,0,1,0,69.99858439,1.601190968,0.314582059,345,0,0,0,1,0.395167997,655,0,0,0,0,0,0,0,0,2,0,2014.000039,7.333305084,11.00035924,2015.20042,9.1999887,23.20001085,20,1607.05,2.3,2.7,0.4
80,力旺弗朗明歌三期,125.366317,43.824135,2603411.113,12039.84887,1,0,0,0,0,0,0,1,1,1,0,1,1,0,0,0,0,0,0,0,0,0,1,0,0,0,0,0,1,0,0,0,0,0,0,0,0,0,0,0,1,0,69.99858439,1.601190968,0.314582059,345,0,0,0,1,0.395167997,655,0,0,0,0,0,0,0,0,2,0,2014.000039,7.333305834,11.00035399,2015.200418,9.1999887,23.20001085,20,1607.05,2.3,2.7,0.4
81,万豪世纪广场,125.410449,43.844894,3593151.809,9000,0,1,0,0,0,0,0,1,0,0,0,1,1,1,0,0,1,0,0,0,0,0,0,1,0,0,0,0,0,0,0,0,0,0,1,0,0,0,1,0,0,0,70.00000001,1.606632875,0.2,800,1,0,0,0,0.299936328,1000,0,0,0,0,0,0,0,0,0,0,2017,8,19,2018,9,30,16,1434.375,4.625,5,0.375
82,保利堂悦,125.313642,43.898338,3973715.908,13000,0,1,0,0,0,0,0,1,1,1,0,0,0,0,0,0,0,0,0,0,0,1,1,0,0,0,0,0,0,0,1,0,0,0,0,0,0,0,1,1,1,0,70,1.5,0.3,840,1,0,0,0,0.287147568,820,1,0,1,4,1,0,0,0,5,0,2017,10,27,2019,7,31,14,1786.071429,2.928571429,3.071428571,0.142857143
83,华润紫云府,125.313642,43.898338,2096412.282,11307.24648,1,0,0,0,0,0,0,0,1,1,0,0,0,0,0,0,0,0,0,0,0,1,0,0,0,0,0,0,1,0,0,0,0,0,0,0,0,0,1,1,0,0,70.00000356,1.60026611,0.370435702,1200,1,0,0,0,1,927,0,0,1,3,2,2,0,0,0,0,2018,3,25,2017.945218,9.139422052,29.19164141,12,1562.833333,1.916666667,1.916666667,0
84,华润紫云府,125.313642,43.898338,2096412.282,11307.24648,1,0,0,0,0,0,0,0,1,1,0,0,0,0,0,0,0,0,0,0,0,1,0,0,0,0,0,0,1,0,0,0,0,0,0,0,0,0,1,1,0,0,70.00000356,1.60026611,0.370435702,1200,1,0,0,0,1,927,0,0,1,3,2,2,0,0,0,0,2018,3,25,2017.887303,9.139422052,29.22059881,12,1562.833333,1.916666667,1.916666667,0
85,华润紫云府,125.313642,43.898338,2083159.27,11307.24648,1,0,0,0,0,0,0,0,1,1,0,0,0,0,0,0,0,0,0,0,0,1,0,0,0,0,0,0,1,0,0,0,0,0,0,0,0,0,1,1,0,0,70.00000356,1.60026611,0.370435702,1200,1,0,0,0,1,927,0,0,1,3,2,2,0,0,0,0,2018,3,25,2017.945218,9.139422052,29.19164141,12,1562.833333,1.916666667,1.916666667,0
86,华润紫云府,125.313642,43.898338,2083159.27,11307.24648,1,0,0,0,0,0,0,0,1,1,0,0,0,0,0,0,0,0,0,0,0,1,0,0,0,0,0,0,1,0,0,0,0,0,0,0,0,0,1,1,0,0,70.00000356,1.60026611,0.370435702,1200,1,0,0,0,1,927,0,0,1,3,2,2,0,0,0,0,2018,3,25,2017.887303,9.139422052,29.22059881,12,1562.833333,1.916666667,1.916666667,0
87,恒大江湾,125.367649,43.951451,3296108.269,8800,0,1,0,0,0,0,1,0,1,1,0,0,0,0,0,0,0,0,0,0,0,1,0,0,0,0,0,0,0,0,0,0,0,0,0,1,0,0,1,0,0,0,70,2.5,0.45,2505,1,0,0,0,1,3140,0,0,1,5,0,0,0,0,0,0,2016.852897,6.481267593,18.95388929,2018.009116,9.516930436,30.15801485,12,1771.25,2.416666667,2.416666667,0
89,万龙银河城,125.349642,43.902843,4254664.925,8600,0,1,0,0,0,0,1,1,0,1,0,0,0,0,0,1,0,0,0,0,0,1,0,0,0,0,0,0,0,0,0,0,0,0,0,1,0,0,1,0,0,1,70,1.795,0.3,2716,1,0,0,0,0,300,0,2,6,3,0,0,0,0,0,0,2018,5,25,2017.303371,9.784042653,29.51099731,12,1514.166667,2.083333333,2.083333333,0
91,德辉首府,125.313642,43.898338,4248410.918,9250,0,1,0,0,0,0,0,1,0,0,1,0,0,0,0,1,0,0,0,0,0,1,0,0,0,0,0,0,0,0,0,0,1,0,0,0,0,0,1,0,0,0,70,3.26,0.473,3000,1,0,0,0,0.500103836,838.7711948,9.85E-06,1,2,7,0,0,0,0,0,0,2018,6,2,2017.646558,9.353994293,30.57782019,12,1257.916667,4.416666667,4.416666667,0
93,凯旋公馆,125.394673,43.81112,3565558.379,12000,0,1,0,0,0,0,1,0,0,0,0,0,0,1,0,0,1,0,0,0,0,1,0,0,0,0,0,0,0,0,1,0,0,0,0,0,0,0,1,0,0,0,70,2.62,0.45,3515,1,0,0,0,1,1860,0,2,7,4,0,0,0,0,0,0,2018,5,21,2019,10,30,15,1962.866667,4.733333333,4.933333333,0.2
95,中海寰宇天下,125.394508,43.961087,660000,9400,0,1,0,0,0,0,0,0,0,0,0,0,1,0,0,1,0,0,1,0,0,1,0,0,0,0,0,0,0,0,0,0,0,0,1,0,0,0,1,1,0,1,70,1.8,0.3,6263,1,0,0,0,1,300,1.794169465,0,2,4,0,0,0,0,0,0,2018,5,31,2019,6,30,12,1513.833333,1.833333333,1.833333333,0
97,益田翠堤悦府,125.313642,43.898338,2045801.265,10773.40302,1,0,0,0,0,0,0,1,1,1,0,0,0,0,1,0,0,0,0,0,0,1,0,0,0,0,0,0,0,0,0,0,0,1,0,0,0,0,1,1,0,0,70.00000069,1.600159314,0.452099833,1580,1,0,0,0,0.221187485,1328,0,0,2,4,0,0,0,0,0,0,2016.795689,9.309114958,12.62006697,2019,12,31,12,1623.75,1.25,1.25,0
99,绿地城,125.257837,43.77502,3511699.599,12000,0,0,0,1,0,0,0,1,1,1,0,0,0,0,0,0,0,0,0,0,0,1,0,0,0,0,0,0,0,0,0,0,0,1,0,0,0,0,1,1,0,0,70,1.5,0.4,4000,1,0,0,0,1,2400,0,0,4,12,2,0,0,0,0,0,2017,12,3,2018,12,31,12,1366.416667,1.333333333,1.333333333,0
100,恒大首府,125.313642,43.898338,4245709.393,9900,0,1,0,0,0,0,1,1,1,0,0,0,0,0,0,0,0,0,0,0,0,1,0,0,0,0,0,0,0,0,0,0,0,0,0,0,1,0,1,1,0,0,70,2.1,0.3,1300,1,0,0,0,1,1475,0,0,3,15,2,0,0,0,0,0,2017,9,10,2017.609028,9.818237236,30.70092466,12,1880.416667,5.416666667,5.416666667,0
101,龙首壹号院,125.313642,43.898338,4485890.744,15000,0,0,0,1,0,0,0,0,1,0,1,0,0,0,0,0,0,0,1,0,0,1,0,0,0,0,0,0,1,0,0,0,0,0,0,0,0,0,0,0,0,1,70,1.2,0.55,700,0,1,0,0,2,233,0,0,0,0,2,1,0,0,0,0,2016,10,17,2016,10,31,12,1985.5,2.583333333,2.583333333,0
102,龙腾香格里,125.313642,43.898338,496061.9438,6416.175243,1,0,0,0,0,0,1,0,0,0,0,0,1,1,1,0,0,0,0,0,0,1,0,0,0,0,0,0,0,0,0,0,1,0,0,0,0,0,1,0,0,0,69.99982658,1.600034832,0.355777078,2484,1,0,0,0,0.211737411,765,0,0,3,2,0,0,0,0,0,0,2016.897723,9.327772628,6.904781411,2018,12,31,12,1311.333333,4.5,4.5,0
103,恒泰郡城,125.313642,43.898338,724621.7954,9309.778878,1,0,0,0,0,0,1,0,1,0,0,0,1,0,0,0,0,0,0,0,0,1,0,0,0,0,0,0,0,0,0,1,0,0,0,0,0,0,1,1,0,0,70.00000476,1.599973474,0.362287318,1100,1,0,0,0,0.251797551,1124,1,0,1,1,0,0,0,0,0,0,2014.000013,5.142915642,12.71427414,2014.500015,7.62502039,23.00000562,17,1955.823529,7,7.352941176,0.294117647
104,新星宇和锦,125.313642,43.898338,2360777.368,7000,1,0,0,0,0,0,1,0,1,1,0,0,0,0,0,0,0,0,0,0,0,1,0,0,0,0,0,0,0,0,0,1,0,0,0,0,0,0,1,0,0,0,69.99981174,1.600199323,0.363259652,2200,0,1,0,0,0.12500447,1511.799779,0.1,0,2,1,0,0,0,0,0,0,2014,7.090909091,13.51515152,2014.794118,7.588235294,24.38235294,12,1963.833333,2.833333333,2.833333333,0
105,中邑禾府,125.313642,43.898338,514209.1674,7155.602511,1,0,0,0,0,0,1,1,0,0,0,0,1,0,1,0,0,0,0,0,0,1,0,0,0,0,0,0,0,0,0,0,1,0,0,0,0,0,1,0,0,0,70.00000158,1.600025345,0.368599463,2166,0.333334222,0.666665779,1.58E-11,6.05E-11,0.499998,2425,1.000004001,0,0,0,0,0,0,0,0,0,2016.432285,7.527078917,15.31070875,2019,12,31,12,1686.583333,4.666666667,4.666666667,0
106,大众置业春江明月,125.313642,43.898338,2648847.746,11589.1292,1,0,0,0,0,0,0,1,1,1,0,1,0,0,0,0,0,0,0,0,0,1,0,0,0,0,0,0,0,0,1,0,0,0,0,0,0,0,1,1,0,0,69.99904402,1.601173946,0.420446524,668,1,0,0,0,0.999972764,389.02712,1.65E-05,0,0,0,0,0,0,0,0,0,2014.615312,8.307683547,18.61539471,2015.421053,10.26315789,24.78947368,14,1571.285714,1.357142857,1.5,0.142857143
107,居然世界里,125.313642,43.898338,1074773.191,8688.46258,1,0,0,0,0,0,1,1,1,1,0,0,1,0,0,0,0,0,0,0,0,1,0,0,0,0,0,0,0,0,0,0,0,1,0,0,0,0,1,0,0,0,69.99999674,1.60132763,0.341561865,1274,0.499998007,0.500001978,1.26E-09,0,9.48E-06,1695,0,0,0,0,0,0,0,0,0,0,2014.615312,8.30768424,18.61538744,2015.684211,10.05263158,24.73684211,12,1549.583333,1.416666667,1.416666667,0
108,恒大御水庄园,125.313642,43.898338,4493272.717,8200,0,1,0,0,0,0,1,0,1,1,0,0,0,0,0,0,0,0,0,0,0,1,1,0,0,0,0,0,0,0,0,0,0,0,0,0,0,1,1,1,1,0,70,1.02,0.4,2631,1,0,0,0,2,1,1.999579312,0,1,11,4,0,0,0,0,0,2017,11,19,2020,8,31,12,1812.583333,2.666666667,2.666666667,0
109,新大E+时代,125.313642,43.898338,1150424.224,9468.981632,1,0,0,0,0,0,0,0,0,0,0,1,0,1,1,0,1,0,0,0,0,0,0,1,0,0,0,0,0,0,0,0,0,0,1,0,0,0,1,0,0,0,69.99845116,1.60023258,0.314594807,1127,1,0,0,0,0.268150082,366,1.570567521,0,0,0,0,0,0,0,0,3,2015.00022,4.000087698,17.59994236,2015.250038,3.250092326,30.74985099,21,1736.619048,4.571428571,5,0.428571429
110,青旅宽城一号,125.313642,43.898338,776495.4046,9183.968967,1,0,0,0,0,0,0,1,0,0,0,1,1,0,0,0,0,0,0,1,0,1,0,0,0,0,0,0,0,0,0,0,0,0,0,1,0,0,1,0,0,0,69.99999975,1.600622629,0.378099501,1384,1,0,0,0,0.211827258,1279,0,0,4,7,0,0,0,0,0,0,2017.123006,8.083579762,15.27634944,2018,12,31,14,1301.642857,2.785714286,2.928571429,0.142857143
111,信达万科翡翠学院,125.271684,43.78385,3792951.889,13500,0,0,0,1,0,0,0,1,0,1,1,0,0,0,0,0,0,0,1,0,0,1,1,0,0,0,0,0,0,0,0,0,0,1,0,0,0,0,0,1,1,0,70,1.5,0.3,800,0,1,0,0,1,412,0,0,0,2,2,0,0,0,1,0,2017.418018,6.765135025,15.23992105,2019,12,30,12,1254.416667,1.333333333,1.333333333,0
112,信达万科翡翠学院,125.271684,43.78385,3792951.889,13500,0,0,0,1,0,0,0,1,0,1,1,0,0,0,0,0,0,0,1,0,0,1,1,0,0,0,0,0,0,0,0,0,0,1,0,0,0,0,0,1,1,0,70,1.5,0.3,800,0,1,0,0,1,412,0,0,0,2,2,0,0,0,1,0,2017.319276,6.962619461,15.70071807,2019,12,30,12,1254.416667,1.333333333,1.333333333,0
113,碧桂园雲鼎,125.313642,43.898338,4087116.492,14000,0,0,0,1,0,0,0,1,1,1,0,0,0,0,0,0,0,0,1,0,0,1,0,0,0,0,0,0,1,0,0,0,0,0,0,0,0,0,0,0,0,1,70,1.2,0.4,150,0,1,0,0,2,360,0,0,0,1,3,1,0,0,0,0,2014,7,15,2014,10,30,12,2013,2.166666667,2.166666667,0
114,国信央城8号,125.316074,43.801112,3675185.218,12000,0,1,0,0,0,0,1,0,0,1,0,0,0,0,0,0,1,0,0,0,0,1,0,0,0,0,0,0,1,0,0,0,0,0,0,0,0,0,1,0,0,0,70,2.2,0.4,1298,1,0,0,0,0,779,0,0,1,5,1,0,1,0,0,0,2017.077483,7.287405166,14.26973138,2018,12,31,14,1501.071429,2.214285714,2.357142857,0.142857143
115,万科东湾半岛,125.313642,43.898338,4437734.415,11250,0,0,0,1,0,0,0,1,1,0,0,1,0,0,0,0,0,0,1,0,0,1,0,0,0,0,0,0,1,0,0,0,0,0,0,0,0,0,1,0,0,0,70,3.62,0.45,4800,0,1,0,0,1,3500,0,0,1,2,0,0,0,0,0,0,2017,12,2,2016,12,19,15,1555.4,7.2,7.4,0.2
116,万科东湾半岛,125.313642,43.898338,4437729.218,11250,0,0,0,1,0,0,0,1,1,0,0,1,0,0,0,0,0,0,1,0,0,1,0,0,0,0,0,0,1,0,0,0,0,0,0,0,0,0,1,0,0,0,70,3.62,0.45,4800,0,1,0,0,1,3500,0,0,1,2,0,0,0,0,0,0,2017,12,2,2016,12,19,15,1555.4,7.2,7.4,0.2
117,天安豪园,125.313642,43.898338,3148435.225,10500,0,0,0,1,0,0,0,1,1,0,0,1,1,0,0,0,0,0,0,0,0,0,1,0,0,0,0,0,0,0,0,0,0,1,0,0,0,0,0,0,1,0,69.99936645,1.600798186,0.3,83,0,1,0,0,1,528,2.999990839,0,0,0,0,0,0,0,3,0,2016,5,29,2017,7,31,18,1432.888889,3.277777778,3.666666667,0.388888889
118,天安豪园,125.313642,43.898338,3148435.225,10500,0,0,0,1,0,0,0,1,1,0,0,1,1,0,0,0,0,0,0,0,0,0,1,0,0,0,0,0,0,0,0,0,0,1,0,0,0,0,0,0,1,0,69.99936645,1.600798186,0.3,83,0,1,0,0,1,528,2.999990839,0,0,0,0,0,0,0,3,0,2016,5,29,2017,7,31,18,1432.888889,3.277777778,3.666666667,0.388888889
119,远创金泽锦城,125.313642,43.898338,449206.6258,7615.286115,1,0,0,0,0,0,1,1,0,0,1,0,1,0,1,0,0,0,0,0,0,1,0,0,0,0,0,0,0,0,0,0,1,0,0,0,0,0,1,0,0,0,69.99963162,1.600200893,0.324065011,943,0,1,0,0,0,300,0,1,4,1,0,0,0,0,0,0,2013,9,28,2014,11,1,12,1407.75,4.166666667,4.166666667,0
120,远创金泽锦城,125.313642,43.898338,449206.6258,7683.972985,1,0,0,0,0,0,1,1,0,0,1,0,1,0,1,0,0,0,0,0,0,1,0,0,0,0,0,0,0,0,0,0,1,0,0,0,0,0,1,0,0,0,69.99963162,1.600200893,0.324065011,943,0,1,0,0,0,300,0,1,4,1,0,0,0,0,0,0,2013,9,28,2014,11,1,12,1407.75,4.166666667,4.166666667,0
121,御翠湾,125.272048,43.780902,3450000,12000,0,0,0,1,0,0,0,0,1,0,1,0,0,0,0,0,0,0,1,0,0,1,1,0,0,0,0,0,0,0,0,0,0,1,0,0,0,0,1,0,1,1,70,1.5,0.4,1163,0,1,0,0,3,1114,1,0,0,1,1,0,0,0,1,0,2015,6,23,2015,11,6,12,997.9166667,1.333333333,1.333333333,0
122,南郡水雲天三號,125.313642,43.898338,3301037.385,9800,0,1,0,0,0,0,1,0,0,0,1,0,0,0,0,1,0,1,1,0,0,1,0,0,0,0,0,0,0,0,0,0,0,1,0,0,0,0,1,0,0,0,70,2.3,0.3,2575,1,0,0,0,1,1462,0,1,4,7,3,0,0,0,0,0,2017,11,26,2018,10,30,12,1820.333333,1.25,1.25,0
124,新星宇广场,125.313642,43.898338,3753718.987,9000,0,1,0,0,0,0,0,0,0,1,0,1,1,0,0,0,1,0,0,0,0,0,0,1,0,0,0,0,1,0,0,0,0,0,0,0,0,0,1,0,0,0,69.99997475,1.600029787,0.33,3599,1,0,0,0,0.343646585,968,0.909024334,0,0,0,0,0,0,0,0,1,2017,10,30,2018,9,30,22,2030.409091,3.772727273,4.318181818,0.5
126,大禹奥城,125.383829,43.939314,500039.81,7501.989545,1,0,0,0,0,0,1,0,0,1,1,0,1,0,0,0,0,0,0,0,0,1,0,0,0,0,0,0,0,0,0,0,1,0,0,0,0,0,1,0,0,0,69.99418791,1.601297388,0.350729795,1376,1,0,0,0,1,698,0,0,8,4,0,0,0,0,0,0,2015.908868,6.077257616,22.58868234,2015.897966,9.509119684,24.77521331,12,1747.75,3.416666667,3.416666667,0
128,田野家园,125.313642,43.898338,770200.2768,7418.240593,1,0,0,0,0,0,1,0,0,0,1,0,0,1,0,1,0,0,0,0,0,1,0,0,0,0,0,0,0,0,1,0,0,0,0,0,0,0,1,0,0,0,70.00000361,1.604035328,0.336276825,1000,1,0,0,0,1,984.8148148,0.477922078,1,2,1,0,0,0,0,0,0,2014.000171,5.000229471,11.00084589,2014.000162,7.000130484,30.99865917,14,1796.642857,4.428571429,4.714285714,0.285714286
130,中正御华庭,125.342024,43.9395,626586.0493,6323.581112,1,0,0,0,0,0,1,0,0,0,1,1,0,0,0,0,0,0,0,0,0,1,0,0,0,0,0,0,0,0,0,0,0,0,0,1,0,0,1,1,0,1,70.00000269,1.600380237,0.348746405,1028,0,1,0,0,0,848,0,0,1,2,0,0,0,0,0,0,2016.333304,10.83322559,8.833539079,2017.499965,9.499982563,25.99996625,15,1491.266667,3.466666667,3.666666667,0.2
132,春城家园,125.205807,44.05074,4159189.062,3450,0,0,0,1,0,0,1,0,0,0,0,0,0,0,0,0,0,1,0,0,1,1,0,0,0,0,0,0,0,0,0,0,0,0,0,1,0,0,1,0,0,0,70,2.2,0.3022,1100,0,1,0,0,0,200,0,1,2,2,0,0,0,0,0,0,2016,12,18,2017,2,1,12,1647.25,1.416666667,1.416666667,0
133,龙城御苑,125.293298,43.892961,628833.8423,8083.785521,1,0,0,0,0,0,1,0,0,0,0,1,0,1,0,0,0,0,0,0,0,1,0,0,0,0,0,0,0,0,0,1,0,0,0,0,0,0,1,0,0,1,69.99959711,1.600229125,0.319305249,1200,0,1,0,0,1,225,0,1,4,5,0,0,0,0,0,0,2016.434479,7.253030256,13.8352158,2016,6,30,16,1702.125,5.25,5.625,0.375
134,龙城御苑,125.293298,43.892961,628833.8423,8083.785521,1,0,0,0,0,0,1,0,0,0,0,1,0,1,0,0,0,0,0,0,0,1,0,0,0,0,0,0,0,0,0,1,0,0,0,0,0,0,1,0,0,1,69.99959711,1.600229125,0.319305249,1200,0,1,0,0,1,225,0,1,4,5,0,0,0,0,0,0,2016.434479,7.253030256,13.8352158,2016,6,30,16,1702.125,5.25,5.625,0.375
135,龙城御苑,125.293298,43.892961,623562.277,8034.938844,1,0,0,0,0,0,1,0,0,0,0,1,0,1,0,0,0,0,0,0,0,1,0,0,0,0,0,0,0,0,0,1,0,0,0,0,0,0,1,0,0,1,69.99959711,1.600229125,0.319305249,1200,0,1,0,0,1,225,0,1,4,5,0,0,0,0,0,0,2016.434479,7.253030256,13.8352158,2016,6,30,16,1702.125,5.25,5.625,0.375
136,龙城御苑,125.293298,43.892961,623562.277,8034.938844,1,0,0,0,0,0,1,0,0,0,0,1,0,1,0,0,0,0,0,0,0,1,0,0,0,0,0,0,0,0,0,1,0,0,0,0,0,0,1,0,0,1,69.99959711,1.600229125,0.319305249,1200,0,1,0,0,1,225,0,1,4,5,0,0,0,0,0,0,2016.434479,7.253030256,13.8352158,2016,6,30,16,1702.125,5.25,5.625,0.375
137,南湖书院,125.313642,43.898338,1047471.776,9404.863179,1,0,0,0,0,0,1,1,1,0,0,1,1,0,0,0,0,0,0,0,0,1,0,0,0,0,0,0,0,1,0,0,0,0,0,0,0,0,1,1,0,0,69.99944941,2.001487588,0.372840887,2000,0,0,0,1,0.448087437,997.332736,0.444041404,0,0,0,0,0,0,0,0,0,2016.007752,8.087527333,14.60190263,2018,12,31,19,1996.894737,6.368421053,6.842105263,0.421052632
138,卓扬北湖湾,125.397734,43.980109,916143.006,7218.304271,1,0,0,0,0,0,1,1,0,0,0,0,1,0,0,1,0,0,0,0,0,1,0,0,0,0,0,0,0,0,0,0,0,1,0,0,0,0,1,0,0,0,69.99624885,1.600673504,0.537550822,1500,1,0,0,0,0,728,0,1,7,2,0,0,0,0,0,0,2014,9,1,2019,12,31,12,1612.083333,2.25,2.416666667,0.166666667
140,金阳万田,125.287299,43.978685,622988.8191,6304.292626,1,0,0,0,0,0,1,1,0,0,1,0,0,0,0,0,0,0,0,1,0,1,0,0,0,0,0,0,0,0,0,0,0,0,0,1,0,0,1,0,0,0,69.99971333,1.60034375,0.332235563,425,0,1,0,0,0,570,0,3,11,3,0,0,0,0,0,0,2018,1,11,2017,12,30,12,1509.666667,2.666666667,2.666666667,0
142,吴中天悦公馆,125.278462,43.890028,2360000,13000,0,0,0,0,1,0,0,1,1,0,0,1,0,0,0,0,0,0,0,1,0,1,0,0,0,0,0,0,0,0,0,1,0,0,0,0,0,0,1,0,0,0,70,3.5,0.315,260,0,1,0,0,1,1239.99614,0.75999897,0,0,0,2,1,0,0,0,0,2015,11,20,2016,6,1,16,1811.25,6,6.3125,0.3125
144,万浦小镇,125.258549,43.809429,3466550.517,8800,0,0,0,0,1,0,0,1,1,0,1,0,0,0,0,0,0,0,0,0,0,1,0,0,0,0,0,0,0,0,0,0,0,1,0,0,0,0,1,1,0,0,70,2.19,0.3,2810,1,0,0,0,1,1403,0,1,3,4,1,1,0,0,0,0,2017,6,17,2018,6,30,12,1829.416667,1.333333333,1.333333333,0
146,华亿红府,125.299925,43.874388,3875370.489,14000,0,0,0,0,1,0,0,0,1,0,0,1,1,1,1,0,0,0,0,0,0,1,0,1,0,0,0,0,0,1,0,0,0,0,0,0,0,0,1,1,0,0,70,1.99,0.25,942,0,1,0,0,0,492,0,1,1,4,3,0,0,0,0,0,2012,8,1,2012,11,25,17,1238.470588,5.647058824,5.941176471,0.294117647
148,紫金公馆,125.343612,43.943454,2911577.191,7500,0,0,0,0,1,0,0,1,0,0,0,1,1,1,0,0,0,0,0,0,0,0,0,1,0,0,0,0,0,0,0,0,0,0,0,1,0,0,1,0,0,0,69.99912956,1.60016085,0.38,520,0,1,0,0,3.59E-06,400,0,0,0,0,0,0,0,0,0,6,2013,12,1,2014,5,8,15,1649.6,3.4,3.6,0.2
150,润和西部尚城,125.189435,43.863486,4316665.853,8600,0,0,0,0,1,0,1,0,0,0,0,1,0,0,0,0,0,0,1,0,0,1,0,0,0,0,0,0,0,0,0,1,0,0,0,0,0,0,0,1,0,0,70,1.78,0.3,800,0,1,0,0,0,800,1,2,10,5,0,0,0,0,0,0,2015,4,4,2015,10,20,12,1422.416667,2.666666667,2.666666667,0
151,嘉禾SOHO,125.313642,43.898338,2804047.05,10000,0,0,0,0,1,0,0,0,0,0,0,0,1,1,0,0,1,0,0,0,0,0,0,1,0,0,0,0,0,0,0,0,0,1,0,0,0,0,1,0,0,0,69.99976123,1.600192544,0.32,160,0,1,0,0,0.166667365,166,1,0,0,0,0,0,0,0,0,4,2014,10,31,2014,12,31,11,968.0909091,1.545454545,1.545454545,0
153,奥林国际,125.313642,43.898338,1133177.374,9182.464721,1,0,0,0,0,0,0,1,0,0,0,0,0,0,1,0,1,0,0,0,0,1,0,0,0,0,0,0,0,0,0,0,0,1,0,0,0,0,1,0,0,0,70,2.896842105,0.346105263,1661.473684,1,0,0,0,0.894736842,1209.105263,0.105263158,0,0,0,0,0,0,0,0,0,2016.685923,7.468610006,16.62033261,2020,12,30,12,1786.083333,1.416666667,1.666666667,0.25
154,保利天誉,125.313642,43.898338,1499078.671,10424.34202,1,0,0,0,0,1,0,0,0,0,0,0,0,0,0,0,0,0,0,0,0,1,0,0,0,0,0,0,1,0,0,0,0,0,0,0,0,0,1,0,0,0,66.84210526,3.666842105,0.325642105,1454.157895,0.315789474,0.526315789,0.157894737,0,0.315789474,990.9473684,0.182421053,0,0,0,0,0,0,0,0,0,2014.615312,8.307684932,18.61539609,2015.368421,9.947368421,24.73684211,14,2055.357143,6.214285714,6.357142857,0.142857143
155,高新悦府,125.313642,43.898338,674891.7924,9724.999392,1,0,0,0,0,0,1,0,1,0,0,0,0,0,1,1,0,0,0,0,0,1,0,0,0,0,0,0,0,0,0,0,0,1,0,0,0,0,1,0,0,0,69.99135723,1.302740946,0.370608402,1200,1,0,0,0,0.820261439,951.7844828,0.140958266,0,0,0,0,0,0,0,0,0,2016.393595,7.720528433,15.81367749,2019,12,31,15,1742.2,7.133333333,7.466666667,0.333333333
156,鸿海满园,125.313642,43.898338,1950000,14000,0,1,0,0,0,0,0,0,0,0,0,0,0,0,1,0,1,0,0,1,0,1,0,0,0,0,0,0,0,0,0,0,0,0,0,0,0,1,1,1,0,0,70,2,0.3503,707,1,0,0,0,1,723,1,0,0,2,4,0,0,0,0,0,2018,7,4,2017.868576,10.74233854,28.12012039,8,1851,1.875,1.875,0
157,金银湖1号院,125.313642,43.898338,2700000,20000,0,1,0,0,0,0,0,0,0,1,1,0,0,0,0,1,0,0,1,0,0,1,1,0,0,0,0,0,0,0,0,0,0,0,0,0,0,1,1,1,1,0,70,1.61,0.43,1212,0,1,0,0,1,1710,0,0,0,2,4,0,0,0,0,0,2017,8,14,2019,12,31,11,1751.454545,3.727272727,3.727272727,0
158,中德·金科学府,125.313642,43.898338,3166139.157,8500,1,0,0,0,0,0,0,1,0,0,0,0,0,0,1,0,0,0,0,0,1,1,0,0,0,0,0,0,0,0,0,0,0,0,0,0,0,1,1,0,0,0,69.99999892,1.600194482,0.520220012,1541,1,0,0,0,0.251553569,1541,1,0,0,6,0,0,0,0,0,0,2016.966003,6.59791063,18.13116287,2018,6,30,12,1334.916667,2.25,2.25,0
159,华润半山悦景,125.313642,43.898338,4250000,25000,0,1,0,0,0,0,0,0,1,1,0,0,0,0,0,0,0,0,0,0,0,1,0,0,0,0,0,0,0,0,0,0,0,0,0,0,0,1,1,1,0,0,70,3.8,0.355,854,1,0,0,0,2,854,1,0,0,2,1,0,0,0,0,0,2017,10,1,2019,10,31,12,1721,5.083333333,5.083333333,0
160,一诺·阳光鑫城,125.313642,43.898338,4186805.298,9600,0,1,0,0,0,0,1,1,0,0,0,0,0,0,0,0,0,0,0,0,1,1,0,0,0,0,0,0,0,0,0,0,0,0,0,0,0,1,1,0,0,0,70,2.8,0.35,1128,1,0,0,0,0.217114911,790,0,0,6,8,0,0,0,0,0,0,2017,4,1,2016.71313,8.421666477,28.99121091,12,2058.916667,4.583333333,4.583333333,0
161,融信公馆,125.313642,43.898338,1331162.259,9252.662897,1,0,0,0,0,0,1,0,0,1,0,1,0,0,0,1,0,0,0,0,0,1,0,0,0,0,0,1,0,0,0,0,0,0,0,0,0,0,1,0,0,0,69.99921072,1.601750341,0.326339712,340,1,0,0,0,0.260714041,446,1.614563859,0,0,0,0,0,0,0,0,0,2014.615312,8.307684932,18.61539609,2015.368421,9.947368421,24.73684211,22,1648.318182,7.681818182,8.090909091,0.409090909
162,青云天下,125.313642,43.898338,3760000,22000,0,1,0,0,0,0,0,0,1,0,0,0,0,0,1,0,1,0,0,1,0,1,0,1,0,0,0,0,0,0,0,0,0,0,0,0,0,1,1,0,0,1,70,3.85,0.38,2720,1,0,0,0,2,2750,1,0,1,10,0,1,0,0,0,1,2017,10,1,2017.254861,9.893967904,29.23488919,14,1706.785714,5.142857143,5.285714286,0.142857143
163,经开正荣府,125.379015,43.841732,1310000,12800,0,1,0,0,0,0,0,0,1,1,0,0,0,1,0,0,0,0,0,0,0,1,0,0,0,0,0,0,0,0,0,0,0,0,0,0,0,1,1,1,0,0,70,2.3,0.3,1809,1,0,0,0,1,1846,1,0,0,2,2,0,0,0,0,0,2018,6,23,2020,12,30,11,2078.818182,7.909090909,8,0.090909091
164,万科启宸,125.313642,43.898338,3103747.777,10948.52985,1,0,0,0,0,0,0,0,0,1,1,0,0,0,0,0,0,0,0,0,0,1,1,0,0,0,0,1,0,0,0,0,0,0,0,0,0,0,1,0,1,0,70.00000555,1.600147024,0.437293349,1615,1,0,0,0,0.320477548,1686,1,0,0,2,0,0,0,0,2,0,2014.957047,6.548387272,18.4838715,2015.383001,9.234042655,19.851064,12,1797,3,3,0
165,万科金域澜湾鹭语墅,125.313642,43.898338,2154760.849,11575.00124,1,0,0,0,0,0,0,0,0,1,0,0,0,0,0,0,0,0,1,0,0,1,0,0,0,0,0,1,0,0,0,0,0,0,0,0,0,0,1,0,0,0,69.99968091,1.600412641,0.330741346,625,0,0,1,0,0.248172096,558,0,0,0,0,0,0,0,0,0,0,2014.615312,8.307684932,18.61539609,2015.368421,9.947368421,24.73684211,13,1864.153846,2.538461538,2.538461538,0
166,泓博朗诗悦府,125.313642,43.898338,1959364.662,12753.9792,1,0,0,0,0,0,0,0,0,0,0,1,0,0,0,0,0,0,0,0,0,1,0,0,0,0,0,0,0,0,0,0,0,0,0,0,0,1,0.999997364,0.499997971,6.16E-07,0.25000149,70.00000293,1.600636885,0.374060952,1256,1,0,0,0,6.13E-06,1714,0,0,0,3,0,0,0,0,0,0,2017.999872,3.000215989,19.999904,2018.999863,9.999932504,24.000036,18,2188.055556,5.277777778,5.5,0.222222222
167,星汇广场,125.313642,43.898338,2550000,26500,0,0,0,0,1,0,0,0,0,0,0,1,0,0,1,0,0,0,0,0,0,1,0,0,0,0,0,1,0,0,0,0,0,0,0,0,0,0,1,0,0,0,70,11.14,0.18,820,1,0,0,0,3,800,1,5,0,1,0,0,0,0,0,0,2016,10,1,2018,12,31,21,1835.380952,5.285714286,5.80952381,0.523809524
168,新星宇香颂,125.313642,43.898338,850000,10000,0,0,1,0,0,0,0,0,0,0,1,0,1,0,1,0,0,0,0,0,0,1,0,0,0,0,0,0,0,0,0,0,0,0,1,0,0,0,1,0,0,0,69.99729767,1.600627472,0.360005401,422,1,0,0,0,1,376,0,0,4,7,0,0,0,0,0,0,2018,2,25,2019,3,30,12,1661.333333,10,10,0
169,新发北湖花园,125.407151,43.97228,3436460.34,6800,0,0,1,0,0,0,1,1,0,0,0,0,1,0,0,0,0,0,0,0,1,1,0,0,0,0,0,0,0,0,0,0,0,1,0,0,0,0,1,0,0,0,69.99841471,1.600230619,0.518262322,1510,0,1,0,0,0,868,0,1,3,1,0,0,0,0,0,0,2016,7,16,2014,12,31,12,1591.75,1.916666667,1.916666667,0
171,新发北湖花园,125.407151,43.97228,3436460.34,6800,0,0,1,0,0,0,1,1,0,0,0,0,1,0,0,0,0,0,0,0,1,1,0,0,0,0,0,0,0,0,0,0,0,1,0,0,0,0,1,0,0,0,69.99841471,1.600230619,0.518262322,1510,0,1,0,0,0,868,0,1,3,1,0,0,0,0,0,0,2016,7,16,2014,12,31,12,1591.75,1.916666667,1.916666667,0
173,富腾东南天下,125.313642,43.898338,430000,6700,0,0,1,0,0,0,1,0,0,1,0,0,0,0,0,0,0,1,0,0,0,1,0,0,0,0,0,0,0,0,0,0,0,0,1,0,0,0,1,0,0,0,69.99986183,1.600350912,0.324138484,707,0,1,0,0,1,600,0,0,8,1,0,0,0,0,0,0,2016,6,13,2016,8,30,11,1814.181818,13.54545455,13.54545455,0
175,万龙第十城,125.322061,43.962554,260000,4800,0,0,1,0,0,0,1,0,0,0,0,0,1,0,1,0,0,0,0,0,1,1,0,0,0,0,0,0,0,0,0,0,0,0,0,1,0,0,1,0,0,1,70.00000089,1.766010477,0.472889913,3000,0,1,0,0,0,2480,0,4,2,0,0,0,0,0,0,0,2014,6,14,2014,9,15,12,1509.416667,2.333333333,2.416666667,0.083333333
177,城建世纪佳园,125.425276,43.908342,240000,4420,0,0,1,0,0,0,1,0,0,0,0,0,0,0,0,0,0,0,0,0,1,1,0,0,0,0,0,0,0,0,0,0,1,0,0,0,0,0,1,0,0,0,69.99999037,1.600002216,0.381165707,6500,0,1,0,0,0,2663,0,1,5,1,0,0,0,0,0,0,2015,11,10,2016,9,30,12,1754.583333,2.083333333,2.083333333,0
178,万晟幸福里,125.287728,43.801134,650000,7000,0,0,1,0,0,0,1,0,0,1,1,0,0,0,0,1,0,0,0,0,0,1,0,0,0,0,0,0,1,0,0,0,0,0,0,0,0,0,1,0,0,0,69.99661852,1.600244804,0.352153049,1188,0,1,0,0,0,680,0.333,0,3,2,0,0,0,0,0,0,2016,4,5,2015,12,31,12,2032.666667,2,2,0
179,亿胜西悦鸿府,125.313642,43.898338,220000,4200,0,0,1,0,0,0,1,1,0,0,0,0,0,1,0,0,0,1,0,0,0,1,0,0,0,0,0,0,0,0,0,1,0,0,0,0,0,0,1,0,0,1,69.99989298,1.600055614,0.334260971,1000,0,1,0,0,0,60,0,0,10,1,0,0,0,0,0,0,2014,9,13,2015,8,20,12,1518.416667,1.083333333,1.083333333,0
180,塞纳阳光,125.316194,43.951279,510000,7100,0,0,1,0,0,0,1,0,0,0,1,0,0,0,0,1,0,1,0,0,0,1,0,0,0,0,0,0,0,0,0,0,0,0,0,1,0,0,1,0,0,1,69.99990563,1.600003968,0.348610874,2193,0,1,0,0,0,673,0,0,5,0,1,0,0,0,0,0,2014,8,30,2014,12,27,14,1454.928571,3.285714286,3.428571429,0.142857143
181,龙泰檀香苑,125.291501,43.938786,3991417.53,9850,0,0,1,0,0,0,1,0,1,0,0,0,0,0,0,1,0,1,0,0,0,1,0,0,0,0,0,0,0,0,0,0,0,0,0,1,0,0,1,0,0,0,69.99997428,1.600008784,0.361223129,3913,0,1,0,0,0,900,0,2,5,2,0,0,0,0,0,0,2015,5,16,2014,7,16,12,1511.333333,3.583333333,3.583333333,0
182,国信美邑,125.446794,43.830636,580000,10500,0,0,1,0,0,0,0,0,1,0,1,1,0,1,0,0,0,0,0,0,0,0,0,1,0,0,0,0,0,0,1,0,0,0,0,0,0,0,0,0,0,1,69.99999426,1.600004417,0.413958608,969.8865726,0,1,0,0,1.16E-05,406,0,0,0,0,0,0,0,0,0,2,2015,11,6,2017,10,31,16,1176.625,3.0625,3.3125,0.25
183,中意国际,125.436687,43.887395,3053243.843,6500,0,0,1,0,0,0,0,0,0,0,0,0,0,0,1,0,1,0,0,0,0,0,0,1,0,0,0,0,0,0,0,0,0,0,1,0,0,0,1,0,0,0,69.99999812,3.499954275,0.315002527,843.0079308,0,1,0,0,0.250005703,358,1,0,0,0,0,0,0,0,0,5,2014,8,30,2015,12,30,12,931.25,4.083333333,4.083333333,0
184,凤凰雅居,125.423655,43.792613,540000,5678,0,0,1,0,0,0,1,0,0,0,1,0,0,1,0,0,0,1,0,0,0,1,0,0,0,0,0,0,0,0,1,0,0,0,0,0,0,0,0,0,0,1,70.00000012,1.600000004,0.388467802,460,0,1,0,0,0,210,0,0,1,1,1,0,0,0,0,0,2011,11,12,2012,9,30,14,1823.928571,4.428571429,4.571428571,0.142857143
185,君悦华庭,125.202806,44.054161,3026390.145,3300,0,0,1,0,0,0,1,0,0,0,0,0,0,0,0,0,0,1,0,0,1,1,0,0,0,0,0,0,0,0,0,0,0,0,0,1,0,0,0,0,0,1,70.00000004,1.600000001,0.364533158,463,0,1,0,0,0,90,0,2,12,4,0,0,0,0,0,0,2016,10,1,2014,11,30,12,1533.666667,1.416666667,1.416666667,0
186,汇峰国际,125.313642,43.898338,2803435.041,9999,0,0,1,0,0,0,0,0,0,0,0,1,1,0,0,1,0,0,0,0,0,0,0,1,0,0,0,0,0,0,0,1,0,0,0,0,0,0,1,0,0,0,70.00000019,2.971994529,0.323880648,970.0909872,0,1,0,0,0.333334267,200,0.122223389,0,0,0,0,0,0,0,0,6,2015,12,27,2016,7,31,16,1617,4.625,4.9375,0.3125
187,宝雍阁金色东方,125.313642,43.898338,1300000,8500,0,0,1,0,0,0,0,1,0,1,0,1,0,0,0,0,0,0,0,0,0,0,0,1,0,0,0,0,0,0,0,0,1,0,0,0,0,0,1,0,0,0,69.99999645,3.4999549,0.315003752,751.5807952,0,1,0,0,0.125009453,262,0,0,0,0,0,0,0,0,0,2,2014,10,25,2015,7,31,12,1688.583333,6.833333333,6.833333333,0
188,上台花园,125.346693,43.946908,410000,5200,0,0,1,0,0,0,1,0,0,0,1,0,0,0,1,0,0,1,0,0,0,1,0,0,0,0,0,0,0,0,0,0,0,0,0,1,0,0,1,0,0,0,69.99997885,1.600001954,0.347614863,6200,0,1,0,0,0,1135,0,0,5,2,0,0,0,0,0,0,2015,4,11,2011,11,30,15,1763.266667,3.4,3.6,0.2
189,怡众名城,125.256339,43.831634,2391094.98,7000,0,0,1,0,0,0,0,0,0,0,1,0,0,1,1,0,0,1,0,1,0,1,0,0,0,0,0,0,0,0,0,0,0,1,0,0,0,0,1,0,0,1,69.9999865,1.600001657,0.361972283,4500,0,1,0,0,0,300,0,0,2,3,2,0,0,0,0,0,2015,4,26,2015,1,31,12,1471.166667,3,3.083333333,0.083333333
190,东安加州枫景,125.373005,43.812924,4056989.912,10650,0,0,1,0,0,0,0,0,0,1,0,1,0,1,0,0,0,0,0,0,0,1,0,0,0,0,0,0,0,0,1,0,0,0,0,0,0,0,0,1,0,0,69.99971959,1.600269289,0.334468449,640,0,1,0,0,1,511,0,1,2,1,1,0,0,0,0,0,2017,2,11,2016,10,30,16,1600.25,1.8125,2.1875,0.375
191,澜山溪谷,125.313642,43.898338,240000,3300,0,0,1,0,0,0,1,1,0,0,0,0,0,0,0,0,0,0,0,0,0,1,0,0,0,0,0,0,0,0,1,0,0,0,0,0,0,0,0,1,0,1,69.99677687,1.600039699,0.391605848,522,0,1,0,0,0,250,0.5,0,3,1,1,0,0,0,0,0,2014,10,13,2016,7,30,4,1355.5,1,1,0
192,香水湾二期,125.378338,43.927896,450000,6700,0,0,1,0,0,0,1,0,0,0,1,0,1,0,1,0,0,0,0,0,0,1,0,0,0,0,0,0,0,0,0,0,1,0,0,0,0,0,1,0,0,1,69.99899199,1.600023926,0.335351114,1800,0,1,0,0,0,700,0,0,4,1,0,0,0,0,0,0,2013,7,27,2014,11,30,13,1739.384615,3.538461538,3.615384615,0.076923077
193,阳光嘉年华尚城,125.244746,43.889567,260000,6100,0,0,1,0,0,0,1,0,0,0,1,0,0,1,0,0,0,1,0,0,0,1,0,0,0,0,0,0,0,0,0,1,0,0,0,0,0,0,1,0,0,1,69.99988119,1.600034963,0.32268855,500,0,1,0,0,0,1500,0.333,2,8,1,0,0,0,0,0,0,2015,8,30,2016,9,30,12,1341.416667,2.333333333,2.333333333,0
194,东安白金洋房,125.313642,43.898338,4168998.016,10400,0,0,1,0,0,0,0,1,1,0,0,0,0,0,0,1,0,0,0,0,0,1,0,0,0,0,0,0,0,0,0,0,0,0,0,1,0,0,0,1,0,1,69.99986157,1.600075089,0.34405874,656,0,1,0,0,0,431,0,0,6,1,0,0,0,0,0,0,2017,9,7,2017,10,25,17,1928.764706,3.588235294,3.941176471,0.294117647
195,中信云邸,125.435129,43.810535,8000000,10849.03111,0,0,1,0,0,0,0,0,1,0,1,0,0,0,0,0,0,0,0,0,0,0,1,0,0,0,0,0,0,0,1,0,0,0,0,0,0,0,0,0,1,0,70.00000473,1.603562854,0.29527738,763,0,1,0,0,1,771,0,0,0,0,0,0,0,0,2,0,2015,4,11,2015,9,30,16,1947.125,3.375,3.625,0.25
196,嘉惠七号院,125.313642,43.898338,730000,9000,0,0,1,0,0,0,1,0,1,1,0,0,1,0,1,0,0,0,0,0,0,1,0,0,0,0,0,0,0,0,0,0,0,0,1,0,0,0,1,0,0,0,69.9994081,1.600495422,0.349763378,546,0,0,1,0,1,520,0,0,5,5,0,0,0,0,0,0,2016,9,3,2017,8,30,12,1836.083333,13.16666667,13.33333333,0.166666667
197,吉星花园,125.386776,43.890885,820000,7700,0,0,1,0,0,0,1,1,0,0,0,0,0,0,0,1,0,1,0,0,0,1,0,0,0,0,0,0,1,0,0,0,0,0,0,0,0,0,1,0,0,0,69.99937499,1.600218546,0.364125221,626,0,1,0,0,1,392,0,0,4,1,0,0,0,0,0,0,2017,7,29,2017,7,31,14,1485.5,2.142857143,2.285714286,0.142857143
198,华润橡府,125.310216,43.803723,1650000,12000,0,0,1,0,0,0,0,1,1,1,0,0,0,0,0,0,0,0,0,0,0,1,0,0,0,0,0,0,1,0,0,0,0,0,0,0,0,0,0,0,0,1,69.99982588,1.600766854,0.335017084,228,0,1,0,0,1,296,0.5,0,0,2,0,0,2,0,0,0,2014,8,31,2015,11,30,14,1489.285714,2.142857143,2.285714286,0.142857143
199,金色佳圆,125.265103,43.989609,260070.0932,6100.019742,0,0,1,0,0,0,1,0,0,0,1,0,0,1,0,0,0,1,0,0,0,1,0,0,0,0,0,0,0,0,0,1,0,0,0,0,0,0,1,0,0,1,69.23076923,2.400961538,0.344715663,1796.052632,0,1,0,0,0,805.3684211,0.149105263,1,8,0,0,0,0,0,0,0,2015.71825,5.985915313,13.40845031,2016.056157,8.144860142,26.00467396,12,1704.583333,2.666666667,2.666666667,0
200,远创国际,125.316897,43.838146,591858.6217,7434.745376,0,0,1,0,0,0,1,1,0,0,0,0,0,0,0,0,0,0,0,1,0,1,0,0,0,0,0,0,0,1,0,0,0,0,0,0,0,0,1,0,0,0,69.99943295,1.600586617,0.328833605,324,0,1,0,0,1,97,0,0,1,1,0,0,0,0,0,0,2015,5,1,2016,4,1,19,1661.789474,5.947368421,6.421052632,0.421052632
201,圣世金鼎城,125.30723,43.796131,520000,7000,0,0,1,0,0,0,1,1,0,0,0,0,0,0,0,0,0,1,0,0,0,1,0,0,0,0,0,0,1,0,0,0,0,0,0,0,0,0,1,0,0,0,69.99679308,1.600350051,0.373803734,1388,0,1,0,0,0,633,2,0,1,0,0,0,0,0,0,0,2016,5,20,2015,5,1,12,1514.75,1.916666667,1.916666667,0
202,五星名城,125.313642,43.898338,483380.2609,6984.470142,0,0,1,0,0,0,1,0,0,0,0,0,0,0,0,1,0,0,0,0,0,1,0,0,0,0,0,0,0,0,0,0,0,0,0,1,0,0,1,0,0,0,69.99864559,1.606491103,0.304352413,1869,0,1,0,0,0.30000056,1041.9992,0.759998337,0,3,1,0,0,0,0,0,0,2013.000137,11.99965352,15.00014624,2015.999939,7.000233984,29.99979301,11,1926.454545,3.636363636,3.636363636,0
203,蔚蓝国际,125.380021,43.900442,520000,5800,0,0,1,0,0,0,1,1,0,0,0,0,0,0,1,0,0,0,0,0,0,1,0,0,0,0,0,0,0,0,0,0,1,0,0,0,0,0,1,0,0,0,69.99724132,1.599954654,0.397889154,4591,1,0,0,0,0,1467,0,1,2,0,0,0,0,0,0,0,2015,7,13,2016,9,30,15,1854.666667,4.8,5,0.2
204,吉大文昌路55號院,125.336825,43.865313,4266609.3,11000,0,0,1,0,0,0,0,1,1,0,1,0,0,1,0,0,0,0,0,0,0,1,0,0,0,0,0,0,1,0,0,0,0,0,0,0,0,0,1,0,0,0,69.99881197,1.600757955,0.313991195,542,1,0,0,0,1,763,0,0,1,2,2,0,0,0,0,0,2016,6,9,2016,10,31,16,1667.8125,5.6875,5.9375,0.25
205,南湖祥水湾,125.298406,43.866572,580000,7500,0,0,1,0,0,0,0,0,1,0,1,0,0,1,0,1,1,0,0,0,0,1,0,0,0,0,0,0,0,1,0,0,0,0,0,0,0,0,1,0,0,1,69.99994828,1.600006462,0.357809868,2410,0,1,0,0,0,703,1,0,0,2,0,0,0,0,0,0,2015,6,20,2012,10,1,17,1761.647059,5.705882353,6,0.294117647
206,亚泰梧桐公馆,125.405052,43.88648,2798585.122,7500,0,0,1,0,0,0,1,0,0,1,1,0,0,0,0,0,0,0,0,0,0,1,0,0,0,0,0,0,0,0,0,0,0,0,1,0,0,0,1,0,0,1,69.99999627,1.766035345,0.472947965,3000,0,1,0,0,0,1371,0,0,1,0,1,0,0,0,0,0,2014,4,24,2013,12,10,12,1966.75,9.5,9.5,0
207,国信南湖公馆,125.298777,43.867782,2931856.385,10000,0,0,1,0,0,0,0,1,1,1,0,0,0,0,0,1,0,0,0,1,0,1,0,0,0,0,0,0,0,1,0,0,0,0,0,0,0,0,1,0,0,0,69.99516519,1.600587979,0.348132581,400,0,1,0,0,0,1131.247739,0.666665956,0,1,1,0,0,0,0,0,0,2013,6,29,2013,10,30,17,1688.117647,5.705882353,6,0.294117647
208,保利春天里,125.313642,43.898338,720000,6000,0,0,1,0,0,0,1,1,0,0,0,0,0,1,0,0,0,1,0,0,0,1,0,0,0,0,0,0,0,0,0,0,0,1,0,0,0,0,1,0,0,0,69.96972981,1.600499443,0.335637248,1632,1,0,0,0,1,789,0,0,1,1,0,0,0,0,0,0,2014,7,26,2016,8,0,12,1964.083333,1.25,1.25,0
209,大唐东方盛世,125.43459,43.881536,3337830.915,6500,0,0,1,0,0,0,0,0,1,0,1,0,0,1,0,0,0,0,1,0,0,1,0,0,0,0,0,0,0,0,0,0,0,0,1,0,0,0,1,0,0,0,69.98383338,2.441651895,0.387414977,1236.246683,0,1,0,0,0,460,0.050008488,0,1,2,0,0,0,0,0,0,2013,7,7,2014,8,31,12,704.8333333,4.083333333,4.083333333,0
210,金质融城,125.334982,43.940334,900000,6800,0,0,1,0,0,0,1,0,0,0,1,0,0,1,0,0,0,1,0,0,0,1,0,0,0,0,0,0,0,0,0,0,0,0,0,1,0,0,1,0,0,1,69.99139294,1.600089311,0.384292736,500,0,1,0,0,0,976.4984487,0.16651256,0,2,0,0,0,0,0,0,0,2011,7,15,2011,12,31,15,1449.466667,3.466666667,3.666666667,0.2
211,摩尔公馆,125.313642,43.898338,1010474.481,8787.149805,0,0,1,0,0,0,0,0,0,0,0,0,0,1,0,0,0,0,0,0,0,0,0,1,0,0,0,0,0,0,0,1,0,0,0,0,0,0,1,0,0,0,70.00000443,2.45039833,0.419448844,1179.9804,0,0,1,0,0.938144261,2100,0.432496303,0,0,0,0,0,0,0,0,0,2014.615312,8.30768424,18.61538744,2015.684211,10.05263158,26.31578947,12,1425.083333,2.5,2.5,0
212,远洋锦唐,125.313642,43.898338,4391987.787,17000,0,0,1,0,0,0,0,0,1,1,0,1,0,0,0,0,0,0,0,1,0,1,0,1,0,0,0,0,0,0,0,0,0,0,1,0,0,0,1,0,0,1,69.99933268,1.600630401,0.344961674,428,1,0,0,0,1,485,0,0,0,3,3,0,0,0,0,0,2017,10,10,2019,9,30,20,1710.4,3.9,4.4,0.5
213,华航檀香湾,125.208094,43.83304,2800000,9650,0,0,1,0,0,0,1,1,0,0,0,0,0,0,0,0,0,0,0,0,0,1,1,0,0,0,0,0,0,0,0,0,0,0,0,0,1,0,1,0,1,0,70.00000011,1.591979862,0.396042537,1200,1,0,0,0,2,985,0,0,13,1,0,0,0,0,1,0,2017,10,21,2017.428756,10.08492067,28.78787696,12,1690.333333,4.5,4.5,0
214,恒盛豪庭,125.265296,43.784318,2869653.495,6500,0,0,1,0,0,0,1,1,0,0,0,0,0,0,0,1,0,1,0,0,0,1,0,0,0,0,0,0,0,0,0,0,0,1,0,0,0,0,1,0,0,0,69.99997581,1.600019859,0.355814223,4335,0,1,0,0,0.166667361,2400,1,1,0,0,0,0,0,0,0,0,2017,3,15,2017,10,31,12,1308.916667,1.166666667,1.166666667,0
215,万星幸福城二期宽府,125.340516,43.954736,2486421.839,9839.112137,0,0,1,0,0,0,0,0,1,1,0,1,0,0,0,0,0,0,0,0,0,0,0,1,0,0,0,0,0,0,0,0,0,0,0,1,0,0,1,0,0,0,69.99905726,1.619708654,0.304594797,240,1,0,0,0,0.259671151,536,1.662885159,0,0,0,0,0,0,0,0,0,2017,8,12,2018,6,30,13,1506.846154,2.538461538,2.692307692,0.153846154
216,北阳新第,125.352759,43.868942,675517.2484,7323.912861,0,0,1,0,0,0,1,1,0,0,0,0,0,0,0,0,0,0,0,0,0,1,0,0,0,0,0,0,1,0,0,0,0,0,0,0,0,0,1,0,0,0,69.99999747,1.60063492,0.306059145,890,0,1,0,0,1,665,1.000009003,0,4,2,0,0,0,0,0,0,2014,12,21,2018,5,30,20,1811.05,3.65,4.05,0.4
217,万龙城,125.290637,43.801446,400000,8000,0,0,1,0,0,0,1,0,0,1,1,0,0,0,0,0,0,1,0,0,0,1,0,0,0,0,0,0,1,0,0,0,0,0,0,0,0,0,1,0,0,1,69.99871523,1.600093433,0.307739116,1077,0,1,0,0,1,500,0,0,8,2,0,0,0,0,0,0,2017,4,9,2016,10,15,12,1962.583333,2.333333333,2.333333333,0
218,潭泽东南明珠,125.338988,43.834874,3773635.49,11500,0,0,1,0,0,0,1,0,0,0,1,0,0,1,0,0,0,1,0,0,0,1,1,0,0,0,0,0,0,0,1,0,0,0,0,0,0,0,0,1,1,0,69.99999661,1.600072636,0.362720455,2214,1,0,0,0,1,2296,1,1,6,9,2,0,0,0,0,0,2017,8,16,2018,7,31,14,1687.142857,4.142857143,4.357142857,0.214285714
220,吴中家天下,125.380646,43.935573,450000,7300,0,0,1,0,0,0,1,1,0,0,0,0,1,0,0,0,0,0,0,1,1,1,0,0,0,0,0,0,0,0,0,0,1,0,0,0,0,0,1,0,0,1,69.99982214,1.600074673,0.321845355,1000,0,1,0,0,0,300,0,1,3,1,0,0,0,0,0,0,2015,4,30,2015,10,10,12,1511.833333,3.583333333,3.583333333,0
222,红晟陶然庭苑,125.319606,43.827879,4186458.511,8700,0,0,1,0,0,0,0,1,0,0,0,1,1,0,0,0,1,0,0,1,0,1,0,0,0,0,0,0,1,0,0,0,0,0,0,0,0,0,1,0,0,0,69.98917763,1.602975534,0.317617029,350,1,0,0,0,1,1089.213478,0.707223275,1,3,4,0,0,0,0,0,0,2017,11,12,2018,12,31,17,1579.058824,5.647058824,6.058823529,0.352941176
224,红晟陶然庭苑,125.319606,43.827879,4186458.511,8700,0,0,1,0,0,0,0,1,0,0,0,1,1,0,0,0,1,0,0,1,0,1,0,0,0,0,0,0,1,0,0,0,0,0,0,0,0,0,1,0,0,0,69.98917763,1.602972976,0.317617029,350,1,0,0,0,1,1089.213478,0.707223275,1,3,4,0,0,0,0,0,0,2017,11,12,2018,12,31,17,1579.058824,5.647058824,6.058823529,0.352941176
226,和信天阶,125.313642,43.898338,4158754.829,9500,0,0,1,0,0,0,1,1,0,0,0,0,0,0,0,0,1,0,0,0,0,1,0,0,0,0,0,0,0,0,1,0,0,0,0,0,0,0,1,0,0,0,70.00000185,1.60059655,0.318207238,769,1,0,0,0,1,580,0,1,9,5,0,0,0,0,0,0,2017,9,25,2018,5,31,12,1467.25,5.416666667,5.5,0.083333333
228,中海凤凰熙岸,125.284484,43.801913,4309332.298,6200,0,0,1,0,0,0,1,0,1,1,0,0,0,0,0,1,0,0,0,0,0,1,0,0,0,0,0,0,1,0,0,0,0,0,0,0,0,0,1,0,0,0,69.99624283,1.600400868,0.446700322,1418,0,1,0,0,1,630,0,0,4,3,0,0,0,0,0,0,2016,8,24,2016,12,29,12,1955.083333,1.833333333,1.833333333,0
230,欢乐颂,125.313642,43.898338,3530588.635,6800,0,0,1,0,0,0,0,0,0,0,0,0,0,1,1,0,1,0,0,0,0,0,0,1,0,0,0,0,0,0,0,0,0,0,1,0,0,0,1,0,0,0,69.99704376,1.600297689,0.519196785,1520,0,0,1,0,0.267244689,584,0.333,0,0,0,0,0,0,0,0,4,2017,4,15,2018,6,30,12,1917.5,12.25,12.25,0
232,欢乐颂,125.313642,43.898338,3530588.635,6800,0,0,1,0,0,0,0,0,0,0,0,0,0,1,1,0,1,0,0,0,0,0,0,1,0,0,0,0,0,0,0,0,0,0,1,0,0,0,1,0,0,0,69.99704376,1.600297689,0.519196785,1520,0,0,1,0,0.267244689,584,0.333,0,0,0,0,0,0,0,0,4,2017,4,15,2018,6,30,12,1917.5,12.25,12.25,0
234,保利林语,125.299505,43.813567,3500000,13000,0,0,1,0,0,0,0,0,1,1,0,0,0,0,0,0,0,0,0,0,0,0,1,0,0,0,0,0,1,0,0,0,0,0,0,0,0,0,0,0,1,0,69.99999038,1.602669804,0.336811039,1000,0,1,0,0,1,774.8657578,0,0,0,0,0,0,0,0,3,0,2016,7,23,2017,7,30,12,1930.833333,2.916666667,2.916666667,0
236,新星宇之郡,125.411299,43.884402,1461462.888,11364.46673,0,0,1,0,0,0,0,1,1,1,0,0,0,0,0,0,0,0,1,1,0,1,0,1,0,0,0,0,0,0,0,0,1,0,0,0,0,0,1,1,0,0,69.9995778,1.600159138,0.308686799,809,0,1,0,0,1,371,0,0,4,4,1,0,0,0,0,0,2016,6,11,2016,10,31,12,1969.333333,11,11,0
238,新星宇之郡,125.411299,43.884402,1461462.888,11620.83853,0,0,1,0,0,0,0,1,1,1,0,0,0,0,0,0,0,0,1,1,0,1,0,1,0,0,0,0,0,0,0,0,1,0,0,0,0,0,1,1,0,0,69.9995778,1.600159138,0.308686799,809,0,1,0,0,1,371,0,0,4,4,1,0,0,0,0,0,2016,6,11,2016,10,31,12,1969.333333,11,11,0
240,英伦小镇,125.307352,43.962242,2061313.402,6700,0,0,1,0,0,0,1,1,0,0,1,0,0,0,0,0,0,1,0,0,0,1,0,0,0,0,0,0,0,0,0,0,0,0,0,1,0,0,1,0,0,0,70.00000152,1.6004728,0.423927547,2856,0,0,1,0,0,2000,0,2,16,4,0,0,0,0,0,0,2017,8,25,2018,12,31,13,1760.692308,3,3.153846154,0.153846154
241,中国铁建国际花园,125.217831,43.836519,3904360.962,6800,0,0,1,0,0,0,0,0,1,1,1,0,0,0,0,0,0,0,0,0,0,1,0,0,0,0,0,0,0,0,0,0,0,0,0,0,1,0,1,0,0,0,70.00000243,1.599862396,0.389825844,1128,0,1,0,0,0,1100,1,2,1,1,0,0,0,0,0,0,2017,12,13,2016,10,24,12,1829.083333,5.416666667,5.416666667,0
242,新发翡翠花溪,125.245061,43.822826,4188520.198,6400,0,0,1,0,0,0,0,0,0,0,0,0,0,0,0,0,0,0,0,1,0,0,0,1,0,0,0,0,0,0,0,0,0,1,0,0,0,0,1,0,0,0,70.00000425,1.600102858,0.522750801,1538,0,1,0,0,3.57E-06,1506,0,0,0,0,0,0,0,0,0,3,2014,5,17,2015,1,31,12,1327,1.5,1.5,0
243,君地天城,125.196797,43.839097,3666217.958,7200,0,0,1,0,0,0,1,0,0,0,1,0,0,0,0,1,0,0,0,0,0,1,0,0,0,0,0,0,0,0,0,0,0,0,0,0,1,0,1,0,0,1,69.99999378,1.600020875,0.375231211,3651,1,0,0,0,0,400,0,0,2,3,3,0,0,0,0,0,2017,12,1,2017.925773,10.4529855,27.96865268,12,1737.333333,4.416666667,4.416666667,0
244,益田硅谷新城,125.313642,43.898338,3899989.008,7600,0,0,1,0,0,0,0,0,0,0,0,0,0,1,1,0,1,0,0,0,0,0,0,1,0,0,0,0,0,0,0,0,0,1,0,0,0,0,1,0,0,0,69.99988862,1.600095672,0.307609028,780,0,1,0,0,0.166667695,467,1.00000788,0,0,0,0,0,0,0,0,2,2014,8,17,2015.000075,5.000121468,29.99986958,12,1695.25,1.25,1.25,0
245,益田硅谷新城,125.313642,43.898338,3899989.008,7600,0,0,1,0,0,0,0,0,0,0,0,0,0,1,1,0,1,0,0,0,0,0,0,1,0,0,0,0,0,0,0,0,0,1,0,0,0,0,1,0,0,0,69.99988862,1.600095672,0.307609028,780,0,1,0,0,0.166667695,467,1.00000788,0,0,0,0,0,0,0,0,2,2014,8,17,2015,5,30,12,1695.25,1.25,1.25,0
246,益田硅谷新城,125.313642,43.898338,3899989.008,7600,0,0,1,0,0,0,0,0,0,0,0,0,0,1,1,0,1,0,0,0,0,0,0,1,0,0,0,0,0,0,0,0,0,1,0,0,0,0,1,0,0,0,69.99988862,1.600095672,0.307609028,780,0,1,0,0,0.166667695,467,1.00000788,0,0,0,0,0,0,0,0,2,2014,8,17,2015.000075,5.000121468,29.99986958,12,1695.25,1.25,1.25,0
247,益田硅谷新城,125.313642,43.898338,3899989.008,7600,0,0,1,0,0,0,0,0,0,0,0,0,0,1,1,0,1,0,0,0,0,0,0,1,0,0,0,0,0,0,0,0,0,1,0,0,0,0,1,0,0,0,69.99988862,1.600095672,0.307609028,780,0,1,0,0,0.166667695,467,1.00000788,0,0,0,0,0,0,0,0,2,2014,8,17,2015,5,30,12,1695.25,1.25,1.25,0
248,圣海翠湖园,125.313642,43.898338,870000,9800,0,0,1,0,0,0,0,0,1,0,0,1,1,0,0,0,0,0,0,1,0,1,0,0,0,0,0,0,0,1,0,0,0,0,0,0,0,0,1,0,0,0,69.99839609,1.60069796,0.308781657,1400,0,1,0,0,0,740,0,2,2,3,0,0,0,0,0,0,2014,12,8,2014.999983,11.99993736,29.99997684,19,1582.947368,4.421052632,4.842105263,0.421052632
249,圣海翠湖园,125.313642,43.898338,870000,9800,0,0,1,0,0,0,0,0,1,0,0,1,1,0,0,0,0,0,0,1,0,1,0,0,0,0,0,0,0,1,0,0,0,0,0,0,0,0,1,0,0,0,69.99839609,1.60069796,0.308781657,1400,0,1,0,0,0,740,0,2,2,3,0,0,0,0,0,0,2014,12,8,2015,12,30,19,1582.947368,4.421052632,4.842105263,0.421052632
250,华方中央首府,125.302372,43.904625,4062754.548,11500,0,0,1,0,0,0,0,0,1,0,0,1,0,1,0,1,0,0,0,0,0,1,0,0,0,0,0,0,0,0,0,1,0,0,0,0,0,0,1,0,0,1,69.99966999,1.607194081,0.317062844,246,0,1,0,0,1,200,0,0,8,3,0,0,0,0,0,0,2014,12,17,2015,12,6,16,1623.625,4.5,4.8125,0.3125
251,北海丽景,125.393589,43.84692,4593728.688,11000,0,0,1,0,0,0,1,0,0,0,0,1,0,1,0,1,0,0,0,1,0,1,0,0,0,0,0,0,0,0,0,0,0,0,1,0,0,0,1,0,0,0,69.99960877,1.600625344,0.358317313,1362,0,1,0,0,0,865,0,0,4,2,1,0,0,0,0,0,2014,8,22,2014,8,30,20,1822.9,3.7,4.2,0.5
252,阳光水郡,125.368108,43.878089,290000,8500,0,0,1,0,0,0,0,0,1,0,0,1,0,0,0,1,0,0,0,0,0,1,0,0,0,0,0,0,0,0,0,0,1,0,0,0,0,0,1,0,0,0,69.99948029,1.600380441,0.384573902,725,1,0,0,0,0,318,0,3,3,0,0,0,0,0,0,0,2015,5,10,2017,6,30,16,1478.4375,6.1875,6.4375,0.25
253,天合花园,125.334442,43.93305,4179947.092,6300,0,0,1,0,0,0,0,0,0,0,0,0,0,0,0,0,0,0,1,0,1,1,0,0,0,0,0,0,0,0,0,0,0,0,0,1,0,0,1,0,0,1,69.99988928,1.600050851,0.334860971,700,0,1,0,0,0,400,1.537955704,2,6,0,0,0,0,0,0,0,2014,5,30,2014,8,30,18,1518.777778,4.166666667,4.555555556,0.333333333
254,东安开运福里,125.264727,43.853704,280000,7300,0,0,1,0,0,0,0,0,0,1,1,1,0,1,1,0,0,0,0,0,0,1,0,0,0,0,0,0,0,1,0,0,0,0,0,0,0,0,1,0,0,0,69.99998942,1.600111354,0.381990882,2768,1,0,0,0,0,1080,0,2,2,1,0,0,0,0,0,0,2016,6,10,2016,6,30,16,1619.8125,6.625,7,0.375
255,益田硅谷公馆,125.313642,43.898338,4191026.98,8300,0,0,1,0,0,0,1,0,1,1,0,0,0,0,0,1,0,0,0,0,0,1,0,0,0,0,0,0,0,0,0,0,0,1,0,0,0,0,1,1,0,0,69.99906415,1.600451564,0.351183081,668,1,0,0,0,1,389,0,0,0,5,1,0,0,0,0,0,2016,7,17,2017,12,30,12,1710.166667,1.25,1.25,0
256,高新和園,125.313642,43.898338,3467394.506,12000,0,0,1,0,0,0,0,0,1,1,0,0,0,0,0,1,0,0,0,0,0,1,0,0,0,0,0,0,0,0,0,0,0,1,0,0,0,0,0,1,0,0,69.99496463,1.600224481,0.381605689,500,1,0,0,0,1,168,0.5,0,0,2,4,1,0,0,0,0,2016,11,5,2017,10,20,12,1609.916667,3,3.083333333,0.083333333
257,安联国际,125.261165,43.830731,3902880.538,21000,0,0,1,0,0,0,0,0,0,0,0,0,0,1,1,0,0,0,0,0,1,0,0,1,0,0,0,0,0,0,0,0,0,1,0,0,0,0,1,0,0,0,69.99977398,1.600748135,0.393704158,750,0,1,0,0,5.85E-06,177,0.333,0,0,0,0,0,0,0,0,3,2015,4,26,2016,1,31,12,1591.25,3.5,3.666666667,0.166666667
258,昊源高格蓝郡,125.391757,43.89042,730000,7800,0,0,1,0,0,0,0,1,1,0,0,1,1,0,0,0,0,0,0,1,0,1,0,0,0,0,0,0,0,0,0,0,1,0,0,0,0,0,1,0,0,0,69.99597775,1.600383669,0.408364899,1400,0,1,0,0,1,533,0,1,4,1,0,0,0,0,0,0,2017,8,13,2014,12,30,14,1814.857143,5.857142857,6,0.142857143
259,宇都和源,125.228057,43.814572,210000,5500,0,0,1,0,0,0,1,0,0,0,0,0,0,1,1,0,1,0,0,0,0,1,0,0,0,0,0,0,0,0,0,0,0,1,0,0,0,0,1,0,0,1,69.99989082,1.600024665,0.486098764,1563,0,1,0,0,0,195,0,2,3,3,0,0,0,0,0,0,2013,10,31,2014,12,31,12,1664.25,2.333333333,2.333333333,0
260,大禹红墅,125.313642,43.898338,3100000,8792.499506,0,0,1,0,0,0,0,0,1,0,1,0,0,0,0,0,0,1,0,0,0,0,1,0,0,0,0,0,0,0,0,0,0,1,0,0,0,0,0,0,1,0,69.03706339,2.439526965,0.300000282,83.01683043,0,1,0,0,1,528.0095783,3,0,0,0,0,0,0,0,2,0,2015,9,20,2015,11,30,12,1157.083333,1.333333333,1.333333333,0
262,东城名苑,125.391036,43.911495,574177.1676,5999.758849,0,0,1,0,0,0,1,1,0,0,0,0,1,0,1,0,0,0,0,0,0,1,0,0,0,0,0,0,0,0,0,0,1,0,0,0,0,0,1,0,0,0,69.99781823,1.600088628,0.390650455,540,0,1,0,0,0,200,0,0,2,1,0,0,0,0,0,0,2013.969697,6.939393939,14.09090909,2014.617647,7.852941176,25.55882353,12,1423.666667,3.833333333,3.833333333,0
264,金钰蓉城,125.313642,43.898338,1124333.454,8202.333251,0,0,1,0,0,0,1,1,1,0,0,1,0,0,0,0,0,0,0,0,0,1,0,0,0,0,0,0,0,0,0,1,0,0,0,0,0,0,1,0,0,1,70,1.795051158,0.300006449,1756.436404,1,0,0,0,0,759.3747738,0.156249736,0,3,0,0,0,0,0,0,0,2015.489826,8.69396606,14.07600867,2017,9,30,17,1697.411765,4.294117647,4.647058824,0.352941176
266,澳海澜苑,125.231634,43.782862,220000,5000,0,0,1,0,0,0,1,0,0,0,0,0,0,1,0,0,0,1,0,0,1,1,0,0,0,0,0,0,0,0,0,0,0,1,0,0,0,0,1,0,0,1,69.99253653,1.600739057,0.345785771,1368,1,0,0,0,0,600,0.5,1,1,0,0,0,0,0,0,0,2015,9,12,2016,12,31,12,1322.333333,1.25,1.25,0
268,潭泽溪郡,125.450942,43.782413,1280000,8411.34889,0,0,1,0,0,0,0,0,1,0,1,0,0,1,0,0,0,1,0,0,0,1,0,0,0,0,0,0,0,0,1,0,0,0,0,0,0,0,0,0,0,1,69.9990166,1.946242737,0.388976852,1081.709333,0,1,0,0,1,409,1,0,0,2,0,0,0,0,0,0,2012,6,30,2013,7,30,16,1305.8125,2.375,2.625,0.25
270,远创樾府,125.226825,43.841938,3637048.695,9600,0,0,1,0,0,0,0,1,1,0,0,0,0,1,1,0,0,1,0,0,0,1,0,0,0,0,0,0,0,0,0,0,0,0,0,0,1,0,1,0,0,1,69.99992048,1.600037501,0.359431447,2200,0,1,0,0,0,1110,0,1,1,0,0,0,0,0,0,0,2012,5,30,2013,10,31,11,2116.454545,8.090909091,8.090909091,0
272,新星宇和顺,125.313642,43.898338,400000,5900,0,0,1,0,0,0,1,0,1,1,1,0,0,1,0,0,0,0,0,0,0,1,0,0,0,0,0,0,0,0,0,0,0,0,0,1,0,0,1,0,0,1,69.99623771,1.600762967,0.303065112,1761,1,0,0,0,0,951,0,0,6,0,0,0,0,0,0,0,2015,8,8,2016,7,10,18,1780,7.666666667,8.055555556,0.333333333
274,力旺弗朗明歌六期珺临组团,125.366317,43.824135,2400000,12000,0,0,1,0,0,0,0,0,1,0,1,0,0,1,0,0,0,0,0,0,0,1,0,0,0,0,0,0,0,0,1,0,0,0,0,0,0,0,1,0,0,0,70.00000036,3.499970458,0.315001958,1064.507963,0,1,0,0,1,370,0.8,0,1,1,0,0,0,0,0,0,2014,5,9,2015,7,30,20,1715.25,2.3,2.7,0.4
276,复地哥德堡森林三期墅香洋房,125.430887,43.824054,960000,6000,0,0,1,0,0,0,0,0,1,0,1,0,0,1,0,0,0,0,0,0,0,1,0,0,0,0,0,0,0,0,1,0,0,0,0,0,0,0,1,0,0,1,69.99285928,1.991937035,0.403475738,885.508698,0,1,0,0,0,453,0,0,2,0,0,0,0,0,0,0,2015,10,18,2014,4,30,18,1829.777778,4.111111111,4.444444444,0.333333333
278,益田枫露,125.313642,43.898338,2244597.069,7000,0,0,1,0,0,0,1,0,0,0,1,0,0,1,0,0,0,0,0,0,0,1,0,1,0,0,0,0,0,0,0,0,0,1,0,0,0,0,1,0,0,1,69.99999805,1.600314739,0.310522693,1800,0,1,0,0,1,1800,1,0,0,2,0,0,0,0,0,0,2015,3,16,2015,9,28,12,1636.833333,1.25,1.25,0
280,益田枫露,125.313642,43.898338,2244597.069,7000,0,0,1,0,0,0,1,0,0,0,1,0,0,1,0,0,0,0,0,0,0,1,0,1,0,0,0,0,0,0,0,0,0,1,0,0,0,0,1,0,0,1,69.99999805,1.600314739,0.310522693,1800,0,1,0,0,1,1800,1,0,0,2,0,0,0,0,0,0,2015,3,16,2015,9,28,12,1636.833333,1.25,1.25,0
282,凯利花园,125.427339,43.898463,2274040.196,6000,0,0,1,0,0,0,1,0,0,0,1,0,0,1,0,0,0,1,0,0,0,1,0,0,0,0,0,0,0,0,0,0,1,0,0,0,0,0,1,0,0,0,69.99988277,1.600125953,0.308042931,789,0,1,0,0,0,482,0,0,1,1,0,0,0,0,0,0,2014,5,1,2014,7,31,12,1559.75,3.416666667,3.416666667,0
284,天安第一城,125.284322,43.841381,860000,8000,0,0,1,0,0,0,0,0,0,0,1,0,0,1,0,0,0,0,1,0,0,1,0,0,0,0,0,0,0,0,0,0,0,1,0,0,0,0,1,0,0,1,69.99784286,1.600113026,0.371648439,428,0,1,0,0,1,181,1.496366112,0,0,1,1,0,0,0,0,0,2014,3,22,2013,9,30,18,1498.277778,3,3.388888889,0.388888889
286,天富东苑,125.442483,43.880515,600000,5700,0,0,1,0,0,0,1,0,0,0,1,0,0,1,1,0,0,0,0,0,1,1,0,0,0,0,0,0,0,0,0,0,0,0,1,0,0,0,1,0,0,1,70.00000597,1.613411982,0.265527339,935,1,0,0,0,1,1080.801364,0.591714738,0,3,1,0,0,0,0,0,0,2013,12,15,2016,7,30,12,939.3333333,4.083333333,4.083333333,0
288,关东古镇禧都,125.313642,43.898338,1195160.319,7536.282717,0,0,1,0,0,0,0,0,0,0,1,0,0,1,0,1,0,0,1,0,0,1,0,0,0,0,0,0,0,0,0,0,0,1,0,0,0,0,1,0,0,0,70.00000019,3.499957849,0.315003373,1041.000162,0,1,0,0,0.222227951,3686,0.366668089,1,1,0,0,0,0,0,0,0,2017,6,1,2015,12,31,10,1620.2,1.6,1.9,0.3
290,关东古镇禧都,125.313642,43.898338,1195160.319,7536.282717,0,0,1,0,0,0,0,0,0,0,1,0,0,1,0,1,0,0,1,0,0,1,0,0,0,0,0,0,0,0,0,0,0,1,0,0,0,0,1,0,0,0,70.00000019,3.499957849,0.315003373,1040.999791,0,1,0,0,0.222227506,3686,0.366668089,1,1,0,0,0,0,0,0,0,2017,6,1,2015,12,31,10,1620.2,1.6,1.9,0.3
292,关东古镇禧都,125.313642,43.898338,1195801.345,7230.088048,0,0,1,0,0,0,0,0,0,0,1,0,0,1,0,1,0,0,1,0,0,1,0,0,0,0,0,0,0,0,0,0,0,1,0,0,0,0,1,0,0,0,70.00000019,3.499957849,0.315003373,1041.000162,0,1,0,0,0.222227951,3686,0.366668089,1,1,0,0,0,0,0,0,0,2017,6,1,2015,12,31,10,1620.2,1.6,1.9,0.3
294,关东古镇禧都,125.313642,43.898338,1195801.345,7230.088048,0,0,1,0,0,0,0,0,0,0,1,0,0,1,0,1,0,0,1,0,0,1,0,0,0,0,0,0,0,0,0,0,0,1,0,0,0,0,1,0,0,0,70.00000019,3.499957849,0.315003373,1040.999791,0,1,0,0,0.222227506,3686,0.366668089,1,1,0,0,0,0,0,0,0,2017,6,1,2015,12,31,10,1620.2,1.6,1.9,0.3
296,中信净月山,125.439057,43.807922,4983025.014,17000,0,0,1,0,0,1,0,0,0,0,0,0,0,0,0,0,0,0,0,0,0,0,1,0,0,0,0,0,0,0,1,0,0,0,0,0,0,0,0,0,1,0,64.1509434,3.192641509,0.355653659,115.0319258,0,1,0,0,2,600.0174209,0.49999325,0,0,0,0,0,0,0,0,0,2010,9,25,2012,7,31,16,1382.75,2.4375,2.75,0.3125
297,金寓春城,125.337803,43.93997,4170622.762,13780,0,0,1,0,0,1,0,0,0,0,0,0,0,0,0,0,0,0,0,0,0,1,0,0,0,0,0,0,0,0,0,0,0,0,0,1,0,0,1,0,0,0,69.999955,2.470006761,0.333050542,1903.789474,0,1,0,0,0,876.2631579,0.359631579,0,0,0,0,0,0,0,0,0,2014,12,30,2014,12,30,15,1372,3.666666667,3.866666667,0.2
299,新星宇塞纳,125.313642,43.898338,4035446.147,9700,0,0,1,0,0,0,0,0,0,1,0,0,1,0,1,1,0,0,0,0,0,1,0,0,0,0,0,0,0,0,0,0,0,1,0,0,0,0,1,0,0,0,69.9937947,1.600437131,0.335114205,1136,1,0,0,0,0,608,0,1,8,1,0,0,0,0,0,0,2018,2,7,2018,10,31,11,1554.363636,2.454545455,2.454545455,0
300,良品柏宏爱琴湾,125.442915,43.892866,2863039.184,7100,0,0,1,0,0,0,1,1,0,0,0,0,0,0,0,0,0,0,0,0,0,1,0,0,0,0,0,0,0,0,0,0,0,0,1,0,0,0,1,0,0,1,69.99874256,1.60005282,0.349119392,1740,1,0,0,0,0,533,0,4,7,4,0,0,0,0,0,0,2017,10,16,2016.293932,9.839051408,27.95833323,12,1499.416667,3.916666667,3.916666667,0
301,万豪国际,125.432029,43.8852,2970331.715,7500,0,0,1,0,0,0,0,0,0,1,0,1,0,1,0,0,0,0,0,0,0,0,0,1,0,0,0,0,0,0,0,0,0,0,1,0,0,0,1,0,0,0,69.99999584,1.600267884,0.610498992,1500,0,1,0,0,0.166667368,1500,1,0,0,0,0,0,0,0,0,3,2014,5,10,2015,10,30,12,745.25,4.083333333,4.083333333,0
302,高新慧园,125.313642,43.898338,1047618.324,9195.021782,0,0,1,0,0,0,0,1,1,1,0,0,1,0,0,0,0,1,0,0,0,1,0,0,0,0,0,0,0,0,0,0,0,1,0,0,0,0,1,1,0,0,69.99972074,1.600619401,0.319186597,595,1,0,0,0,0.221131441,642,0,1,3,3,6,2,1,0,0,0,2016.587395,6.549472022,10.90153625,2016.257803,10.36153308,29.45502057,12,1300.333333,1.25,1.25,0
303,益和国际城,125.301383,43.989569,3949072.228,7900,0,0,1,0,0,0,1,0,0,0,1,0,0,0,1,0,0,1,0,0,0,1,0,0,0,0,0,0,0,0,0,0,0,0,0,1,0,0,0,0,0,1,69.99999664,1.600070115,0.507261592,1560,1,0,0,0,0,1800,0,3,20,3,0,0,0,0,0,0,2017,11,22,2018,6,30,11,1648.454545,2.636363636,2.636363636,0
304,新星宇左邻,125.313642,43.898338,970000,7000,0,0,1,0,0,0,0,0,0,1,0,1,0,0,1,1,0,0,0,0,0,1,0,0,0,0,0,0,1,0,0,0,0,0,0,0,0,0,1,0,0,0,69.99997824,1.600020765,0.330002429,3599,0,1,0,0,1,968,0,0,2,4,0,0,0,0,0,0,2015,4,25,2016,6,30,21,1899.809524,3.857142857,4.380952381,0.476190476
305,环球贸易中心,125.385717,43.819145,4237414.84,11500,0,0,1,0,0,1,0,0,0,0,0,0,0,0,0,0,0,0,0,0,0,1,0,0,0,0,0,0,0,0,1,0,0,0,0,0,0,0,1,0,0,0,69.9990974,3.50002862,0.314999575,1442.977284,0,1,0,0,1,1000,0.549985248,0,0,0,0,0,0,0,0,0,2014,5,20,2015,10,31,20,1801.3,3.1,3.5,0.4
306,嘉惠红山郡,125.394947,43.855147,4167598.351,8736,0,0,1,0,0,1,0,0,0,0,0,0,0,0,0,0,0,0,0,0,0,1,0,0,0,0,0,0,0,0,0,0,0,0,1,0,0,0,0.947368421,0.052631579,0,0.473684211,69.99998889,2.050001628,0.319533464,1489,0,1,0,0,0,782.2631579,0.307,0,0,0,0,0,0,0,0,0,2014.615312,8.30768424,18.61538744,2015.684211,10.05263158,25.05263158,20,1967.9,5.9,6.4,0.5
307,一品红城红成大厦,125.289835,43.86518,4244789.102,17000,0,0,1,0,0,1,0,0,0,0,0,0,0,0,0,0,0,0,0,0,0,1,0,0,0,0,0,0,0,1,0,0,0,0,0,0,0,0,0.947368421,0.052631579,0,0.473684211,69.99998889,2.050001628,0.319533464,1489,0,1,0,0,0,782.2631579,0.307,0,0,0,0,0,0,0,0,0,2014,10,18,2014,6,30,18,1738.111111,5.611111111,5.944444444,0.333333333
308,新星宇36号公馆,125.231587,43.817627,3514945.898,5400,0,0,1,0,0,1,0,0,0,0,0,0,0,0,0,0,0,0,0,0,0,1,0,0,0,0,0,0,0,0,0,0,0,1,0,0,0,0,0.947368421,0.052631579,0,0.473684211,69.99998889,2.050001628,0.319533464,1489,0,1,0,0,0,782.2631579,0.307,0,0,0,0,0,0,0,0,0,2013,6,22,2013,10,31,12,1743.166667,2.333333333,2.333333333,0
309,蓝天SOHO,125.349475,43.909693,3658326.986,5600,0,0,1,0,0,1,0,0,0,0,0,0,0,0,0,0,0,0,0,0,0,1,0,0,0,0,0,0,0,0,0,0,0,0,0,1,0,0,1,0,0,0,69.99986301,2.439483367,0.387761391,1236.246683,0,1,0,0,0,40,0.050008499,0,0,0,0,0,0,0,0,0,2013,6,9,2013,10,1,18,1726,10.38888889,10.83333333,0.388888889
310,东方之珠龙翔苑,125.214029,43.823666,3510063.657,5200,0,0,1,0,0,1,0,0,0,0,0,0,0,0,0,0,0,0,0,0,0,1,0,0,0,0,0,0,0,0,0,0,0,0,0,0,1,0,0.947368421,0.052631579,0,0.473684211,69.99998889,2.050001628,0.319533464,1489,0,1,0,0,0,782.2631579,0.307,0,0,0,0,0,0,0,0,0,2013,11,17,2013,12,31,12,1337.75,3.416666667,3.416666667,0
